,Player,Team,Age,GP,W,L,Min,PTS,FGM,FGA,FG%,3PM,3PA,3P%,FTM,FTA,FT%,OREB,DREB,REB,AST,TOV,STL,BLK,PF,FP,DD2,TD3,+/-,Salary
1,Joel Embiid,PHI,29,66,43,23,34.6,33.1,11.0,20.1,54.8,1.0,3.0,33.0,10.0,11.7,85.7,1.7,8.4,10.2,4.2,3.4,1.0,1.7,3.1,56.2,39.0,1.0,6.4,"$33,616,770"
2,Luka Doncic,DAL,24,66,33,33,36.2,32.4,10.9,22.0,49.6,2.8,8.2,34.2,7.8,10.5,74.2,0.8,7.8,8.6,8.0,3.6,1.4,0.5,2.5,56.8,36.0,10.0,1.9,"$37,096,500"
3,Damian Lillard,POR,32,58,27,31,36.3,32.2,9.6,20.7,46.3,4.2,11.3,37.1,8.8,9.6,91.4,0.8,4.0,4.8,7.3,3.3,0.9,0.3,1.9,49.1,16.0,2.0,1.8,"$42,492,492"
4,Shai Gilgeous-Alexander,OKC,24,68,33,35,35.5,31.4,10.4,20.3,51.0,0.9,2.5,34.5,9.8,10.9,90.5,0.9,4.0,4.8,5.5,2.8,1.6,1.0,2.8,50.4,3.0,0.0,2.2,"$30,913,750"
5,Giannis Antetokounmpo,MIL,28,63,47,16,32.1,31.1,11.2,20.3,55.3,0.7,2.7,27.5,7.9,12.3,64.5,2.2,9.6,11.8,5.7,3.9,0.8,0.8,3.1,54.8,46.0,6.0,5.4,"$42,492,492"
6,Jayson Tatum,BOS,25,74,52,22,36.9,30.1,9.8,21.1,46.6,3.2,9.3,35.0,7.2,8.4,85.4,1.1,7.7,8.8,4.6,2.9,1.1,0.7,2.2,49.9,31.0,1.0,6.4,"$30,351,780"
7,Stephen Curry,GSW,35,56,30,26,34.7,29.4,10.0,20.2,49.3,4.9,11.4,42.7,4.6,5.0,91.5,0.7,5.4,6.1,6.3,3.2,0.9,0.4,2.1,46.8,12.0,1.0,4.8,"$48,070,014"
8,Kevin Durant,PHX,34,47,34,13,35.6,29.1,10.3,18.3,56.0,2.0,4.9,40.4,6.5,7.1,91.9,0.4,6.3,6.7,5.0,3.3,0.7,1.4,2.1,47.7,5.0,1.0,5.5,"$44,119,845"
9,LeBron James,LAL,38,55,30,25,35.5,28.9,11.1,22.2,50.0,2.2,6.9,32.1,4.6,5.9,76.8,1.2,7.1,8.3,6.8,3.2,0.9,0.6,1.6,50.3,18.0,2.0,3.9,"$44,474,988"
10,Donovan Mitchell,CLE,26,68,44,24,35.8,28.3,10.0,20.6,48.4,3.6,9.3,38.6,4.7,5.4,86.7,0.9,3.3,4.3,4.4,2.6,1.5,0.4,2.5,42.9,5.0,0.0,5.0,"$30,913,750"
11,Devin Booker,PHX,26,53,34,19,34.6,27.8,9.9,20.1,49.4,2.1,6.0,35.1,5.8,6.8,85.5,0.9,3.7,4.5,5.5,2.7,1.0,0.3,3.0,42.7,5.0,0.0,4.7,"$33,833,400"
12,Kyrie Irving,DAL,31,60,32,28,37.3,27.1,9.9,20.1,49.4,3.1,8.3,37.9,4.1,4.6,90.5,1.0,4.1,5.1,5.5,2.1,1.1,0.8,2.8,44.8,5.0,0.0,3.7,"$38,917,057"
13,Jaylen Brown,BOS,26,67,46,21,35.9,26.6,10.1,20.6,49.1,2.4,7.3,33.5,3.9,5.1,76.5,1.2,5.7,6.9,3.5,2.9,1.1,0.4,2.6,41.6,13.0,0.0,3.8,"$29,776,785"
14,Trae Young,ATL,24,73,38,35,34.8,26.2,8.2,19.0,42.9,2.1,6.3,33.5,7.8,8.8,88.6,0.8,2.2,3.0,10.2,4.1,1.1,0.1,1.4,44.6,40.0,0.0,1.4,"$37,096,500"
15,Ja Morant,MEM,23,61,40,21,31.9,26.2,9.3,19.9,46.6,1.5,4.9,30.7,6.1,8.1,74.8,1.0,4.9,5.9,8.1,3.4,1.1,0.3,1.6,46.0,20.0,7.0,5.0,"$12,119,440"
16,Zion Williamson,NOP,22,29,17,12,33.0,26.0,9.8,16.2,60.8,0.2,0.7,36.8,6.1,8.6,71.4,2.0,5.0,7.0,4.6,3.4,1.1,0.6,2.2,42.8,5.0,0.0,5.1,"$13,534,817"
17,Anthony Davis,LAL,30,56,31,25,34.0,25.9,9.7,17.2,56.3,0.3,1.3,25.7,6.2,7.9,78.4,3.5,9.1,12.5,2.6,2.2,1.1,2.0,2.6,52.0,40.0,0.0,3.7,"$37,980,720"
18,Lauri Markkanen,UTA,26,66,32,34,34.4,25.6,8.7,17.3,49.9,3.0,7.7,39.2,5.3,6.0,87.5,2.0,6.7,8.6,1.9,1.9,0.6,0.6,2.1,40.5,28.0,0.0,2.5,"$16,475,454"
19,Julius Randle,NYK,28,77,44,33,35.5,25.1,8.5,18.6,45.9,2.8,8.3,34.3,5.2,6.9,75.7,1.8,8.1,10.0,4.1,2.8,0.6,0.3,3.0,43.2,40.0,0.0,2.2,"$23,760,000"
20,De'Aaron Fox,SAC,25,73,44,29,33.4,25.0,9.3,18.2,51.2,1.6,5.0,32.4,4.7,6.0,78.0,0.5,3.6,4.2,6.1,2.5,1.1,0.3,2.4,41.1,11.0,0.0,2.4,"$30,351,780"
21,Zach LaVine,CHI,28,77,38,39,35.9,24.8,8.7,18.0,48.5,2.6,7.1,37.5,4.7,5.6,84.8,0.5,3.9,4.5,4.2,2.5,0.9,0.2,2.1,37.5,2.0,0.0,0.2,"$37,096,500"
22,Brandon Ingram,NOP,25,45,23,22,34.2,24.7,9.0,18.6,48.4,1.4,3.6,39.0,5.3,6.0,88.2,0.5,5.0,5.5,5.8,3.3,0.7,0.4,2.6,40.1,6.0,2.0,2.1,"$31,650,600"
23,Anthony Edwards,MIN,21,79,40,39,36.0,24.6,8.9,19.5,45.9,2.7,7.3,36.9,4.0,5.3,75.6,0.6,5.2,5.8,4.4,3.3,1.6,0.7,2.4,41.9,9.0,0.0,1.2,"$10,733,400"
24,DeMar DeRozan,CHI,33,74,37,37,36.2,24.5,8.9,17.6,50.4,0.6,1.9,32.4,6.2,7.1,87.2,0.5,4.2,4.6,5.1,2.1,1.1,0.5,2.5,40.5,6.0,0.0,0.9,"$27,300,000"
25,Nikola Jokic,DEN,28,69,48,21,33.7,24.5,9.4,14.8,63.2,0.8,2.2,38.3,4.9,6.0,82.2,2.4,9.4,11.8,9.8,3.6,1.3,0.7,2.5,55.7,58.0,29.0,9.3,"$33,047,803"
26,Pascal Siakam,TOR,29,71,35,36,37.4,24.2,8.9,18.5,48.0,1.3,4.0,32.4,5.2,6.7,77.4,1.8,6.0,7.8,5.8,2.4,0.9,0.5,3.2,44.3,24.0,2.0,1.7,"$35,448,672"
27,Jalen Brunson,NYK,26,68,40,28,35.0,24.0,8.6,17.6,49.1,2.0,4.7,41.6,4.8,5.8,82.9,0.6,3.0,3.5,6.2,2.1,0.9,0.2,2.2,38.8,5.0,0.0,2.2,"$27,733,332"
28,Kawhi Leonard,LAC,32,52,33,19,33.6,23.8,8.6,16.8,51.2,2.0,4.8,41.6,4.7,5.4,87.1,1.1,5.4,6.5,3.9,1.7,1.4,0.5,1.6,41.6,4.0,0.0,4.2,"$42,492,492"
29,Paul George,LAC,33,56,32,24,34.6,23.8,8.2,17.9,45.7,2.8,7.6,37.1,4.6,5.3,87.1,0.8,5.3,6.1,5.1,3.1,1.5,0.4,2.8,41.2,8.0,1.0,2.8,"$42,492,492"
30,LaMelo Ball,CHA,21,36,13,23,35.2,23.3,8.2,20.0,41.1,4.0,10.6,37.6,2.8,3.4,84.3,1.2,5.3,6.4,8.4,3.6,1.3,0.3,3.3,44.8,17.0,3.0,-4.2,"$8,623,920"
31,Bradley Beal,WAS,30,50,24,26,33.5,23.2,8.9,17.6,50.6,1.6,4.4,36.5,3.8,4.6,84.2,0.8,3.1,3.9,5.4,2.9,0.9,0.7,2.1,37.8,2.0,0.0,0.8,"$43,279,250"
32,Kristaps Porzingis,WAS,27,65,27,38,32.6,23.2,7.8,15.7,49.8,2.1,5.5,38.5,5.4,6.4,85.1,1.8,6.6,8.4,2.7,2.1,0.9,1.5,3.0,42.4,20.0,0.0,1.2,"$33,833,400"
33,Jimmy Butler,MIA,33,64,35,29,33.4,22.9,7.5,13.9,53.9,0.6,1.6,35.0,7.4,8.7,85.0,2.2,3.7,5.9,5.3,1.6,1.8,0.3,1.3,42.8,11.0,0.0,0.7,"$37,653,300"
34,Jalen Green,HOU,21,76,20,56,34.2,22.1,7.4,17.9,41.6,2.5,7.3,33.8,4.8,6.1,78.6,0.6,3.2,3.7,3.7,2.6,0.8,0.2,1.7,32.6,0.0,0.0,-5.9,"$9,441,840"
35,Keldon Johnson,SAS,23,63,17,46,32.8,22.0,8.0,17.7,45.2,2.1,6.5,32.9,3.9,5.2,74.9,0.9,4.2,5.0,2.9,2.1,0.7,0.2,2.0,33.0,5.0,0.0,-7.8,"$3,873,024"
36,Klay Thompson,GSW,33,69,38,31,33.0,21.9,7.9,18.1,43.6,4.4,10.6,41.2,1.7,1.9,87.9,0.6,3.6,4.1,2.4,1.8,0.7,0.4,1.9,32.0,2.0,0.0,2.4,"$40,600,080"
37,Darius Garland,CLE,23,69,40,29,35.5,21.6,7.6,16.4,46.2,2.4,6.0,41.0,4.0,4.7,86.3,0.4,2.3,2.7,7.8,2.9,1.2,0.1,2.1,37.7,18.0,0.0,6.3,"$8,920,794"
38,Bojan Bogdanovic,DET,34,59,15,44,32.1,21.6,7.3,14.9,48.8,2.5,6.0,41.1,4.5,5.1,88.4,0.6,3.2,3.8,2.6,2.3,0.6,0.1,1.9,29.8,0.0,0.0,-5.6,"$19,550,000"
39,Desmond Bane,MEM,25,58,38,20,31.7,21.5,7.8,16.2,47.9,2.9,7.0,40.8,3.1,3.5,88.3,0.7,4.3,5.0,4.4,2.2,1.0,0.4,2.6,36.0,1.0,0.0,6.1,"$2,130,240"
40,Kyle Kuzma,WAS,27,64,29,35,35.0,21.2,8.0,17.8,44.8,2.5,7.5,33.3,2.7,3.7,73.0,0.9,6.4,7.2,3.7,3.0,0.6,0.5,2.3,35.6,14.0,1.0,0.2,"$13,000,000"
41,Terry Rozier,CHA,29,63,19,44,35.3,21.1,7.8,18.9,41.5,2.6,8.0,32.7,2.8,3.5,80.9,0.8,3.3,4.1,5.1,2.1,1.2,0.3,1.9,35.8,1.0,0.0,-4.6,"$21,486,316"
42,Anfernee Simons,POR,24,62,27,35,35.0,21.1,7.5,16.9,44.7,3.4,9.1,37.7,2.6,2.9,89.4,0.3,2.3,2.6,4.1,2.1,0.7,0.2,2.3,30.9,0.0,0.0,-1.2,"$22,321,429"
43,James Harden,PHI,33,58,39,19,36.8,21.0,6.4,14.5,44.1,2.8,7.2,38.5,5.4,6.2,86.7,0.7,5.4,6.1,10.7,3.4,1.2,0.5,1.9,46.2,36.0,5.0,4.8,"$33,000,000"
44,CJ McCollum,NOP,31,75,38,37,35.3,20.9,7.8,17.9,43.7,2.8,7.2,38.9,2.4,3.2,76.9,0.7,3.6,4.4,5.7,2.4,0.9,0.5,2.0,36.6,6.0,0.0,0.8,"$33,333,333"
45,Jordan Clarkson,UTA,31,61,30,31,32.6,20.8,7.5,16.9,44.4,2.5,7.5,33.8,3.3,4.0,81.6,1.2,2.9,4.0,4.4,3.0,0.5,0.2,2.0,31.5,3.0,0.0,0.6,"$13,340,000"
46,Karl-Anthony Towns,MIN,27,29,15,14,33.0,20.8,7.3,14.8,49.5,2.1,5.7,36.6,4.1,4.7,87.4,1.7,6.5,8.1,4.8,3.0,0.7,0.6,3.8,38.6,9.0,0.0,1.3,"$33,833,400"
47,Tyrese Haliburton,IND,23,56,28,28,33.6,20.7,7.4,15.0,49.0,2.9,7.2,40.0,3.1,3.6,87.1,0.6,3.1,3.7,10.4,2.5,1.6,0.4,1.2,44.5,32.0,0.0,-0.6,"$4,215,120"
48,Jerami Grant,POR,29,63,28,35,35.6,20.5,6.9,14.5,47.5,2.3,5.7,40.1,4.4,5.4,81.3,0.8,3.7,4.5,2.4,1.8,0.8,0.8,2.4,32.5,2.0,0.0,-0.6,"$20,955,000"
49,Dejounte Murray,ATL,26,74,38,36,36.4,20.5,8.3,17.8,46.4,1.8,5.2,34.4,2.1,2.6,83.2,0.7,4.5,5.3,6.1,2.2,1.5,0.3,1.4,39.0,8.0,1.0,-0.8,"$17,071,120"
50,Jordan Poole,GSW,24,82,44,38,30.0,20.4,6.7,15.6,43.0,2.6,7.8,33.6,4.4,5.1,87.0,0.4,2.4,2.7,4.5,3.1,0.8,0.3,2.6,30.5,1.0,0.0,-0.1,"$3,901,399"
51,Bam Adebayo,MIA,25,75,40,35,34.6,20.4,8.0,14.9,54.0,0.0,0.2,8.3,4.3,5.4,80.6,2.5,6.7,9.2,3.2,2.5,1.2,0.8,2.8,39.7,31.0,0.0,1.6,"$30,351,780"
52,Tyrese Maxey,PHI,22,60,39,21,33.6,20.3,7.3,15.2,48.1,2.7,6.2,43.4,3.0,3.6,84.5,0.4,2.6,2.9,3.5,1.3,0.8,0.1,2.2,30.6,0.0,0.0,4.0,"$2,726,880"
53,Kelly Oubre Jr.,CHA,27,48,16,32,32.2,20.3,7.4,17.1,43.1,2.3,7.1,31.9,3.3,4.3,76.0,1.4,3.8,5.2,1.1,1.3,1.4,0.4,2.9,32.2,3.0,0.0,-5.8,
54,Mikal Bridges,BKN,26,83,42,41,35.7,20.1,7.1,15.3,46.8,2.0,5.3,38.2,3.8,4.3,89.5,1.0,3.4,4.4,3.3,1.5,1.1,0.7,1.9,34.3,2.0,0.0,0.4,"$20,100,000"
55,Tyler Herro,MIA,23,67,37,30,34.9,20.1,7.3,16.6,43.9,3.0,8.0,37.8,2.5,2.7,93.4,0.4,5.0,5.4,4.2,2.4,0.8,0.2,1.5,33.5,6.0,1.0,2.5,"$5,722,116"
56,Louis King,PHI,24,1,1,0,28.8,20.0,8.0,13.0,61.5,4.0,8.0,50.0,0.0,1.0,0.0,2.0,2.0,4.0,2.0,2.0,1.0,0.0,4.0,28.8,0.0,0.0,2.0,"$307,089"
57,Jamal Murray,DEN,26,65,43,22,32.8,20.0,7.3,16.0,45.4,2.6,6.6,39.8,2.8,3.3,83.3,0.7,3.2,4.0,6.2,2.2,1.0,0.2,1.6,35.5,5.0,1.0,4.6,"$31,650,600"
58,Paolo Banchero,ORL,20,72,31,41,33.7,20.0,6.7,15.6,42.7,1.2,4.0,29.8,5.5,7.4,73.8,1.2,5.7,6.9,3.7,2.8,0.8,0.5,2.2,35.2,14.0,0.0,-3.0,"$11,055,120"
59,Cade Cunningham,DET,21,12,3,9,33.3,19.9,7.8,18.7,41.5,1.4,5.1,27.9,3.0,3.6,83.7,1.0,5.2,6.2,6.0,3.3,0.8,0.6,2.8,37.3,3.0,0.0,-5.0,"$10,552,800"
60,RJ Barrett,NYK,23,73,40,33,33.9,19.6,7.0,16.1,43.4,1.7,5.3,31.0,4.0,5.4,74.0,0.8,4.2,5.0,2.8,2.2,0.4,0.2,2.5,29.4,3.0,0.0,-0.8,"$10,900,634"
61,Fred VanVleet,TOR,29,69,34,35,36.7,19.3,6.3,16.1,39.3,3.0,8.8,34.2,3.7,4.1,89.8,0.4,3.6,4.1,7.2,2.0,1.8,0.6,2.8,39.9,10.0,1.0,2.8,"$21,250,000"
62,Jrue Holiday,MIL,33,67,50,17,32.6,19.3,7.3,15.3,47.9,2.4,6.1,38.4,2.3,2.6,85.9,1.2,3.9,5.1,7.4,2.9,1.2,0.4,1.7,38.2,16.0,0.0,7.2,"$34,319,520"
63,Kevin Porter Jr.,HOU,23,59,18,41,34.3,19.2,6.6,15.0,44.2,2.4,6.5,36.6,3.5,4.5,78.4,1.3,4.0,5.3,5.7,3.2,1.4,0.3,2.6,36.0,9.0,1.0,-5.8,
64,Domantas Sabonis,SAC,27,79,47,32,34.6,19.1,7.3,11.9,61.5,0.4,1.1,37.3,4.1,5.5,74.2,3.2,9.1,12.3,7.3,2.9,0.8,0.5,3.5,45.8,65.0,14.0,2.7,"$21,100,000"
65,Jaren Jackson Jr.,MEM,23,63,41,22,28.4,18.6,6.6,13.0,50.6,1.6,4.5,35.5,3.8,4.9,78.8,1.7,5.0,6.8,1.0,1.7,1.0,3.0,3.6,38.6,7.0,0.0,5.8,
66,Franz Wagner,ORL,21,80,33,47,32.6,18.6,6.8,14.0,48.5,1.6,4.5,36.1,3.4,4.0,84.2,0.9,3.2,4.1,3.5,2.1,1.0,0.2,2.3,30.2,2.0,0.0,0.6,"$5,258,280"
67,Devin Vassell,SAS,22,38,12,26,31.0,18.5,6.9,15.7,43.9,2.7,7.0,38.7,2.1,2.6,78.0,0.2,3.7,3.9,3.6,1.5,1.1,0.4,1.5,31.8,0.0,0.0,-7.8,"$4,437,000"
68,Deandre Ayton,PHX,24,67,36,31,30.4,18.0,7.8,13.2,58.9,0.1,0.4,29.2,2.3,3.0,76.0,2.6,7.4,10.0,1.7,1.8,0.6,0.8,2.8,34.7,36.0,0.0,-0.1,"$30,913,750"
69,Myles Turner,IND,27,62,29,33,29.4,18.0,6.5,11.8,54.8,1.5,4.0,37.3,3.5,4.5,78.3,1.4,6.1,7.5,1.4,1.7,0.6,2.3,3.5,36.0,18.0,0.0,-0.8,"$35,096,500"
70,D'Angelo Russell,LAL,27,71,39,32,32.5,17.8,6.3,13.4,46.9,2.7,6.9,39.6,2.5,3.0,82.9,0.5,2.5,3.0,6.2,2.6,1.0,0.4,2.0,32.2,9.0,0.0,1.2,"$31,377,750"
71,Nikola Vucevic,CHI,32,82,40,42,33.5,17.6,7.3,14.0,52.0,1.5,4.2,34.9,1.6,1.9,83.5,1.9,9.1,11.0,3.2,1.7,0.7,0.7,2.2,38.3,51.0,1.0,-0.2,"$22,000,000"
72,Michael Porter Jr.,DEN,25,62,41,21,29.0,17.4,6.4,13.2,48.7,3.0,7.3,41.4,1.5,1.9,80.0,1.0,4.5,5.5,1.0,1.1,0.6,0.5,1.9,27.7,3.0,0.0,6.7,
73,Gary Trent Jr.,TOR,24,66,31,35,32.1,17.4,6.1,14.2,43.3,2.5,6.8,36.9,2.6,3.1,83.9,0.5,2.2,2.6,1.6,0.8,1.6,0.2,1.5,27.5,0.0,0.0,-0.8,
74,Spencer Dinwiddie,BKN,30,79,41,38,34.5,17.3,5.8,13.3,43.8,2.3,6.2,36.9,3.4,4.2,81.2,0.4,3.1,3.4,6.5,1.8,0.8,0.3,2.4,32.8,9.0,0.0,-0.1,"$19,500,000"
75,Andrew Wiggins,GSW,28,37,19,18,32.2,17.1,6.8,14.3,47.3,2.4,6.1,39.6,1.2,1.9,61.1,1.6,3.4,5.0,2.3,1.3,1.2,0.8,2.9,31.2,3.0,0.0,3.2,"$33,616,770"
76,Norman Powell,LAC,30,60,31,29,26.1,17.0,5.7,11.8,47.9,1.9,4.8,39.7,3.8,4.6,81.2,0.4,2.5,2.9,1.8,1.7,0.8,0.3,2.1,24.9,0.0,0.0,-2.1,"$16,758,621"
77,Buddy Hield,IND,30,80,35,45,31.0,16.8,5.9,13.0,45.8,3.6,8.5,42.5,1.3,1.6,82.2,0.8,4.2,5.0,2.8,1.7,1.2,0.3,2.0,29.7,3.0,0.0,-1.1,"$21,177,750"
78,OG Anunoby,TOR,25,67,33,34,35.6,16.8,6.3,13.2,47.6,2.1,5.5,38.7,2.1,2.5,83.8,1.4,3.5,5.0,2.0,2.0,1.9,0.7,3.0,31.7,2.0,0.0,2.0,"$17,357,143"
79,Bennedict Mathurin,IND,21,78,33,45,28.5,16.7,5.3,12.2,43.4,1.3,4.0,32.3,4.8,5.8,82.8,1.1,3.0,4.1,1.5,1.9,0.6,0.2,2.1,24.2,0.0,0.0,-2.3,"$6,586,800"
80,Christian Wood,DAL,27,67,33,34,25.9,16.6,5.9,11.5,51.5,1.6,4.2,37.6,3.2,4.2,77.2,1.3,6.0,7.3,1.8,1.8,0.4,1.1,2.5,30.9,12.0,0.0,-0.7,"$14,317,459"
81,Josh Giddey,OKC,20,76,34,42,31.1,16.6,7.1,14.7,48.2,1.0,3.1,32.5,1.4,1.9,73.1,1.9,5.9,7.9,6.2,2.8,0.8,0.4,1.9,36.0,28.0,4.0,-1.4,"$6,287,400"
82,Aaron Gordon,DEN,27,68,45,23,30.2,16.3,6.3,11.2,56.4,0.9,2.5,34.7,2.8,4.6,60.8,2.4,4.1,6.6,3.0,1.4,0.8,0.8,1.9,31.8,11.0,0.0,7.6,"$20,690,909"
83,Jaden Ivey,DET,21,74,16,58,31.1,16.3,5.5,13.3,41.6,1.6,4.7,34.3,3.6,4.8,74.7,1.0,2.9,3.9,5.2,3.2,0.8,0.2,3.3,28.7,8.0,0.0,-8.7,"$7,252,200"
84,Evan Mobley,CLE,22,79,48,31,34.4,16.2,6.6,12.0,55.4,0.3,1.3,21.6,2.6,3.8,67.4,2.4,6.6,9.0,2.8,1.8,0.8,1.5,2.8,36.2,24.0,0.0,4.3,"$8,478,720"
85,RaiQuan Gray,BKN,23,1,0,1,35.1,16.0,6.0,12.0,50.0,2.0,5.0,40.0,2.0,2.0,100,3.0,6.0,9.0,7.0,4.0,0.0,1.0,5.0,36.3,0.0,0.0,-14.0,"$5,849"
86,Brook Lopez,MIL,35,78,57,21,30.4,15.9,6.1,11.5,53.1,1.7,4.7,37.4,1.9,2.4,78.4,2.0,4.7,6.7,1.3,1.4,0.5,2.5,2.6,33.3,11.0,0.0,5.1,"$13,906,976"
87,Russell Westbrook,LAC,34,73,36,37,29.1,15.9,5.9,13.6,43.6,1.2,3.9,31.1,2.8,4.3,65.6,1.2,4.6,5.8,7.5,3.5,1.0,0.5,2.2,35.1,24.0,4.0,-0.3,"$47,080,179"
88,P.J. Washington,CHA,24,73,24,49,32.6,15.7,5.9,13.4,44.4,2.0,5.9,34.8,1.7,2.4,73.0,1.0,3.9,4.9,2.4,1.5,0.9,1.1,2.6,29.6,3.0,0.0,-5.1,
89,Cameron Johnson,BKN,27,42,25,17,28.6,15.5,5.3,11.3,47.0,2.5,6.1,40.4,2.4,2.9,84.2,0.8,3.6,4.4,1.9,0.9,1.2,0.3,2.0,27.2,1.0,0.0,3.7,"$5,887,899"
90,De'Andre Hunter,ATL,25,67,35,32,31.7,15.4,5.7,12.3,46.1,1.5,4.3,35.0,2.6,3.1,82.6,0.7,3.6,4.2,1.4,1.2,0.5,0.3,3.0,23.7,1.0,0.0,-0.3,"$9,835,881"
91,Skylar Mays,POR,25,6,1,5,31.5,15.3,5.7,11.3,50.0,2.0,4.3,46.2,2.0,2.2,92.3,0.3,2.8,3.2,8.3,1.7,1.0,0.2,1.8,33.5,1.0,0.0,-12.3,"$116,574"
92,Scottie Barnes,TOR,21,77,38,39,34.8,15.3,6.0,13.2,45.6,0.8,2.9,28.1,2.5,3.2,77.2,2.3,4.3,6.6,4.8,2.0,1.1,0.8,2.2,34.1,15.0,1.0,2.3,"$7,644,600"
93,Wendell Carter Jr.,ORL,24,57,26,31,29.6,15.2,5.6,10.8,52.5,1.4,3.9,35.6,2.5,3.4,73.8,2.1,6.6,8.7,2.3,1.9,0.5,0.6,2.8,30.6,21.0,0.0,-0.7,
94,Kevin Huerter,SAC,24,75,44,31,29.4,15.2,5.6,11.5,48.5,2.7,6.8,40.2,1.3,1.7,72.5,0.6,2.8,3.3,2.9,1.3,1.1,0.3,2.4,26.5,0.0,0.0,3.0,"$14,508,929"
95,Khris Middleton,MIL,31,33,25,8,24.3,15.1,5.4,12.3,43.6,1.5,4.9,31.5,2.8,3.1,90.2,0.8,3.4,4.2,4.9,2.2,0.7,0.2,2.1,28.0,4.0,0.0,4.0,"$37,984,276"
96,Harrison Barnes,SAC,31,82,48,34,32.5,15.0,4.6,9.6,47.3,1.6,4.3,37.4,4.3,5.0,84.7,1.1,3.4,4.5,1.6,1.0,0.7,0.1,1.3,24.1,0.0,0.0,3.1,"$18,352,273"
97,Immanuel Quickley,NYK,24,81,47,34,28.9,14.9,5.2,11.6,44.8,2.1,5.6,37.0,2.5,3.1,81.9,0.7,3.4,4.2,3.4,1.2,1.0,0.2,2.0,27.3,4.0,0.0,3.9,"$2,316,240"
98,Malcolm Brogdon,BOS,30,67,46,21,26.0,14.9,5.3,10.9,48.4,2.0,4.4,44.4,2.4,2.7,87.0,0.6,3.6,4.2,3.7,1.5,0.7,0.3,1.6,26.9,0.0,0.0,2.7,"$22,600,000"
99,Alperen Sengun,HOU,20,75,18,57,28.9,14.8,5.9,10.7,55.3,0.3,0.8,33.3,2.7,3.8,71.5,3.2,5.8,9.0,3.9,2.6,0.9,0.9,3.4,34.5,29.0,2.0,-3.8,"$3,375,360"
100,Tobias Harris,PHI,30,74,47,27,32.9,14.7,5.7,11.4,50.1,1.7,4.4,38.9,1.5,1.7,87.6,0.9,4.8,5.7,2.5,1.2,0.9,0.5,2.0,28.5,7.0,0.0,4.0,"$37,633,050"
101,Gordon Hayward,CHA,33,50,20,30,31.5,14.7,5.5,11.6,47.5,1.0,3.2,32.5,2.6,3.2,81.1,0.7,3.6,4.3,4.1,2.0,0.8,0.2,1.4,27.3,2.0,0.0,-2.2,"$30,075,000"
102,Trey Murphy III,NOP,23,79,39,40,31.0,14.5,4.9,10.1,48.4,2.6,6.3,40.6,2.2,2.4,90.5,0.7,2.8,3.6,1.4,0.8,1.1,0.5,2.0,25.2,1.0,0.0,0.5,
103,Tim Hardaway Jr.,DAL,31,71,37,34,30.3,14.4,4.8,11.9,40.1,3.0,7.7,38.5,1.8,2.3,77.0,0.3,3.2,3.5,1.8,0.8,0.7,0.2,1.7,23.1,0.0,0.0,2.3,
104,Dillon Brooks,MEM,27,73,46,27,30.3,14.3,5.4,13.6,39.6,2.0,6.0,32.6,1.6,2.1,77.9,0.6,2.7,3.3,2.6,1.4,0.9,0.2,3.3,24.1,0.0,0.0,2.8,"$11,400,000"
105,Collin Sexton,UTA,24,48,24,24,23.9,14.3,4.9,9.8,50.6,1.0,2.5,39.3,3.4,4.1,81.9,0.8,1.4,2.2,2.9,1.8,0.6,0.1,2.3,21.5,1.0,0.0,-0.6,"$16,700,000"
106,Jarrett Allen,CLE,25,68,44,24,32.6,14.3,5.9,9.2,64.4,0.0,0.1,10.0,2.4,3.3,73.3,3.3,6.5,9.8,1.7,1.4,0.8,1.2,2.3,33.2,32.0,0.0,5.1,"$20,000,000"
107,Jonas Valanciunas,NOP,31,79,40,39,24.9,14.1,5.6,10.3,54.7,0.5,1.4,34.9,2.3,2.8,82.6,2.8,7.3,10.2,1.8,2.0,0.3,0.7,3.1,29.7,43.0,0.0,-0.1,"$14,700,000"
108,Bobby Portis,MIL,28,70,47,23,26.0,14.1,5.7,11.5,49.6,1.4,3.7,37.0,1.4,1.8,76.8,2.2,7.4,9.6,1.5,1.2,0.4,0.2,1.6,28.6,38.0,0.0,0.2,"$10,843,350"
109,Jalen Williams,OKC,22,75,36,39,30.3,14.1,5.5,10.6,52.1,1.0,2.7,35.6,2.1,2.5,81.2,1.1,3.4,4.5,3.3,1.6,1.4,0.5,2.5,28.3,3.0,0.0,-0.7,"$4,341,480"
110,Bogdan Bogdanovic,ATL,30,54,27,27,27.9,14.0,5.1,11.3,44.7,2.7,6.7,40.6,1.2,1.4,83.1,0.4,2.6,3.1,2.8,1.2,0.8,0.3,1.6,24.0,0.0,0.0,1.2,"$18,000,000"
111,Markelle Fultz,ORL,25,60,29,31,29.6,14.0,5.8,11.3,51.4,0.5,1.5,31.0,1.9,2.4,78.3,1.2,2.8,3.9,5.7,2.3,1.5,0.4,2.2,30.5,3.0,0.0,-2.2,"$16,500,000"
112,Chris Paul,PHX,38,59,33,26,32.0,13.9,5.0,11.3,44.0,1.7,4.4,37.5,2.3,2.7,83.1,0.5,3.8,4.3,8.9,1.9,1.5,0.4,2.1,36.1,17.0,0.0,1.4,"$28,400,000"
113,Saddiq Bey,ATL,24,77,24,53,27.6,13.8,4.6,10.9,42.2,2.0,5.4,36.1,2.7,3.1,86.1,1.3,3.4,4.7,1.5,0.9,0.9,0.2,1.6,24.0,4.0,0.0,-1.9,"$2,959,080"
114,Luguentz Dort,OKC,24,74,36,38,30.7,13.7,4.6,11.8,38.8,1.8,5.5,33.0,2.7,3.5,77.2,1.7,2.9,4.6,2.1,1.2,1.0,0.3,3.3,25.1,5.0,0.0,0.5,"$15,277,778"
115,Malik Monk,SAC,25,77,47,30,22.3,13.5,4.6,10.3,44.8,1.9,5.2,35.9,2.4,2.7,88.9,0.4,2.2,2.6,3.9,1.9,0.6,0.3,1.6,23.3,0.0,0.0,0.9,"$9,472,219"
116,Rudy Gobert,MIN,31,70,34,36,30.7,13.4,5.1,7.8,65.9,0.0,0.0,0.0,3.1,4.9,64.4,3.3,8.3,11.6,1.2,1.7,0.8,1.4,3.0,34.0,35.0,0.0,-0.1,"$38,172,414"
117,Jusuf Nurkic,POR,28,52,24,28,26.8,13.3,5.0,9.7,51.9,0.8,2.3,36.1,2.4,3.7,66.1,2.2,6.9,9.1,2.9,2.3,0.8,0.8,3.6,31.2,18.0,0.0,0.2,"$15,625,000"
118,Kris Dunn,UTA,29,22,8,14,25.8,13.2,5.3,9.8,53.7,0.8,1.6,47.2,1.9,2.4,77.4,0.4,4.1,4.5,5.6,1.6,1.1,0.5,2.6,30.3,3.0,0.0,-2.8,"$1,000,001"
119,John Collins,ATL,25,71,37,34,30.0,13.1,5.1,10.0,50.8,1.0,3.4,29.2,2.0,2.5,80.3,1.1,5.4,6.5,1.2,1.1,0.6,1.0,3.1,26.5,11.0,0.0,-0.3,"$23,500,000"
120,Cole Anthony,ORL,23,60,28,32,25.9,13.0,4.6,10.2,45.4,1.3,3.4,36.4,2.5,2.8,89.4,0.8,4.0,4.8,3.9,1.5,0.6,0.5,2.6,26.5,1.0,0.0,-0.4,"$3,613,680"
121,Austin Reaves,LAL,25,64,35,29,28.8,13.0,4.0,7.7,52.9,1.3,3.4,39.8,3.6,4.1,86.4,0.5,2.5,3.0,3.4,1.5,0.5,0.3,1.7,22.6,1.0,0.0,3.3,"$1,563,518"
122,Tre Jones,SAS,23,68,20,48,29.2,12.9,5.0,10.9,45.9,0.7,2.3,28.5,2.2,2.5,86.0,0.8,2.8,3.6,6.6,1.6,1.3,0.1,1.4,29.8,6.0,2.0,-4.8,"$1,782,621"
123,Jabari Smith Jr.,HOU,20,79,21,58,31.0,12.8,4.6,11.3,40.8,1.5,4.9,30.7,2.1,2.6,78.6,1.5,5.7,7.2,1.3,1.3,0.5,0.9,2.9,26.5,16.0,0.0,-7.0,
124,Alec Burks,DET,31,51,12,39,22.0,12.8,3.9,9.0,43.6,1.9,4.7,41.4,3.0,3.7,81.4,0.4,2.7,3.1,2.2,1.1,0.7,0.2,1.9,21.4,0.0,0.0,-0.1,"$10,012,800"
125,KJ Martin,HOU,22,82,22,60,28.0,12.7,5.0,8.8,56.9,0.8,2.6,31.5,1.8,2.7,68.0,1.5,4.0,5.5,1.5,1.1,0.5,0.4,1.8,23.0,5.0,0.0,-4.5,"$1,782,621"
126,Malik Beasley,LAL,26,81,45,36,25.8,12.7,4.6,11.6,39.5,2.9,8.1,35.7,0.6,0.8,76.9,0.4,3.1,3.5,1.5,1.1,0.8,0.1,1.3,20.8,1.0,0.0,-1.1,"$15,558,035"
127,Nic Claxton,BKN,24,76,41,35,29.9,12.6,5.4,7.7,70.5,0.0,0.0,0.0,1.8,3.2,54.1,2.4,6.8,9.2,1.9,1.3,0.9,2.5,2.8,35.3,28.0,0.0,1.6,
128,Dennis Schroder,LAL,29,66,37,29,30.1,12.6,4.1,9.8,41.5,1.1,3.4,32.9,3.3,3.8,85.7,0.3,2.2,2.5,4.5,1.7,0.8,0.2,2.2,23.4,2.0,0.0,1.9,
129,Mac McClung,PHI,24,2,2,0,20.5,12.5,4.5,10.0,45.0,2.0,5.5,36.4,1.5,2.5,60.0,1.5,3.5,5.0,4.5,1.5,0.0,0.0,1.5,23.8,0.0,0.0,9.0,"$160,856"
130,Jakob Poeltl,TOR,27,72,26,46,26.5,12.5,5.4,8.6,62.9,0.0,0.0,0.0,1.7,2.8,59.2,3.3,5.8,9.1,2.7,1.7,0.9,1.2,2.7,32.0,19.0,0.0,-2.0,"$9,398,148"
131,Kelly Olynyk,UTA,32,68,28,40,28.6,12.5,4.1,8.2,49.9,1.4,3.5,39.4,2.9,3.4,85.3,1.2,5.0,6.2,3.7,2.5,0.9,0.5,3.4,27.2,9.0,0.0,0.2,"$12,804,878"
132,Eric Gordon,LAC,34,69,25,44,28.5,12.4,4.2,9.5,44.6,1.9,5.2,37.1,2.1,2.5,82.1,0.2,1.7,1.9,2.7,1.5,0.6,0.4,1.1,20.2,0.0,0.0,-3.0,"$19,568,360"
133,Derrick White,BOS,28,82,57,25,28.3,12.4,4.3,9.2,46.2,1.8,4.8,38.1,2.0,2.3,87.5,0.6,2.9,3.6,3.9,1.2,0.7,0.9,2.2,26.2,7.0,0.0,6.0,"$17,142,857"
134,Keegan Murray,SAC,22,80,47,33,29.8,12.2,4.4,9.8,45.3,2.6,6.3,41.1,0.8,1.0,76.5,1.1,3.5,4.6,1.2,0.8,0.8,0.5,2.0,22.7,4.0,0.0,1.2,"$8,008,440"
135,Caris LeVert,CLE,28,74,45,29,30.2,12.1,4.3,10.0,43.1,1.7,4.4,39.2,1.8,2.4,72.2,0.7,3.1,3.8,3.9,1.6,1.0,0.3,2.3,24.8,1.0,0.0,2.6,"$18,796,296"
136,Jaden McDaniels,MIN,22,79,41,38,30.6,12.1,4.7,9.1,51.7,1.4,3.4,39.8,1.3,1.8,73.6,1.2,2.7,3.9,1.9,1.4,0.9,1.0,3.4,23.8,0.0,0.0,0.9,"$2,161,440"
137,Marvin Bagley III,DET,24,42,7,35,23.6,12.0,4.8,9.1,52.9,0.5,1.6,28.8,1.9,2.6,75.0,2.2,4.2,6.4,0.9,1.1,0.5,0.7,1.9,23.4,8.0,0.0,-5.5,
138,Clint Capela,ATL,29,65,35,30,26.6,12.0,5.4,8.2,65.3,0.0,0.0,0.0,1.2,2.0,60.3,4.0,7.1,11.0,0.9,0.8,0.7,1.2,2.1,31.5,35.0,0.0,-0.5,"$18,206,896"
139,Mike Conley,MIN,35,67,34,33,30.3,11.9,3.9,9.1,42.8,2.0,5.2,38.5,2.1,2.5,83.4,0.5,2.2,2.7,6.7,1.5,1.1,0.2,2.1,27.6,6.0,0.0,0.9,"$22,680,000"
140,Bones Hyland,LAC,22,56,36,20,19.4,11.8,4.1,10.2,39.9,2.1,5.6,37.1,1.5,1.8,84.3,0.4,2.1,2.4,3.1,1.5,0.7,0.3,1.7,20.7,1.0,0.0,-2.3,"$2,201,520"
141,Lonnie Walker IV,LAL,24,56,27,29,23.2,11.7,4.2,9.4,44.8,1.6,4.4,36.5,1.6,1.9,85.8,0.3,1.7,1.9,1.1,0.8,0.5,0.3,1.3,17.4,0.0,0.0,-3.7,
142,Zach Collins,SAS,25,63,20,43,22.9,11.6,4.5,8.7,51.8,0.9,2.3,37.4,1.7,2.3,76.1,1.8,4.5,6.4,2.9,2.0,0.6,0.8,3.2,25.6,9.0,0.0,-3.8,"$7,350,000"
143,Bruce Brown,DEN,26,80,53,27,28.5,11.5,4.5,9.3,48.3,1.1,3.2,35.8,1.5,1.9,75.8,0.8,3.3,4.1,3.4,1.5,1.1,0.6,2.4,25.1,3.0,1.0,0.4,"$6,479,000"
144,Max Strus,MIA,27,80,42,38,28.4,11.5,4.1,9.9,41.0,2.5,7.0,35.0,1.0,1.1,87.6,0.6,2.6,3.2,2.1,0.9,0.5,0.2,2.1,19.8,2.0,0.0,-1.8,"$1,815,677"
145,Marcus Smart,BOS,29,61,43,18,32.1,11.5,4.1,9.9,41.5,1.9,5.6,33.6,1.4,1.9,74.6,0.8,2.4,3.1,6.3,2.3,1.5,0.4,2.8,28.0,6.0,0.0,3.9,"$17,207,142"
146,Naz Reid,MIN,23,68,32,36,18.4,11.5,4.6,8.5,53.7,1.1,3.2,34.6,1.3,1.9,67.7,1.1,3.8,4.9,1.1,1.4,0.6,0.8,2.6,21.9,4.0,0.0,-1.9,"$1,930,681"
147,John Wall,LAC,32,34,15,19,22.2,11.4,4.1,10.0,40.7,1.0,3.2,30.3,2.3,3.3,68.1,0.4,2.3,2.7,5.2,2.4,0.8,0.4,1.7,23.5,1.0,0.0,-3.1,"$47,345,760"
148,Isaiah Stewart,DET,22,50,12,38,28.3,11.3,3.9,8.8,44.2,1.3,4.1,32.7,2.2,3.0,73.8,2.3,5.8,8.1,1.4,1.4,0.4,0.7,2.7,25.0,13.0,0.0,-4.5,"$3,433,320"
149,Quentin Grimes,NYK,23,71,41,30,29.9,11.3,4.0,8.5,46.8,2.2,5.7,38.6,1.1,1.4,79.6,0.7,2.5,3.2,2.1,1.0,0.7,0.4,2.5,20.4,0.0,0.0,2.6,"$2,277,000"
150,Rui Hachimura,LAL,25,63,38,25,23.3,11.2,4.5,9.3,48.6,0.8,2.5,31.9,1.4,1.9,73.9,0.8,3.7,4.5,0.9,0.8,0.3,0.4,1.1,19.3,2.0,0.0,-0.4,"$6,263,188"
151,Marcus Morris Sr.,LAC,33,65,35,30,28.1,11.2,4.2,9.9,42.6,1.7,4.7,36.5,1.0,1.3,78.2,0.4,3.5,4.0,1.8,0.9,0.6,0.3,2.1,20.6,2.0,0.0,-0.2,
152,Kyle Lowry,MIA,37,55,30,25,31.2,11.2,3.6,8.8,40.4,1.9,5.6,34.5,2.1,2.5,85.9,0.8,3.3,4.1,5.1,1.9,1.0,0.4,2.6,26.1,2.0,1.0,1.0,"$28,333,334"
153,Corey Kispert,WAS,24,74,31,43,28.3,11.1,3.9,7.9,49.7,2.2,5.2,42.4,1.0,1.2,85.2,0.4,2.4,2.8,1.2,0.7,0.4,0.1,1.3,17.1,0.0,0.0,-1.7,"$3,552,840"
154,Jeremy Sochan,SAS,20,56,15,41,26.0,11.0,4.5,9.9,45.3,0.6,2.4,24.6,1.4,2.1,69.8,1.7,3.6,5.3,2.5,1.7,0.8,0.4,2.5,22.9,2.0,0.0,-4.2,"$5,063,520"
155,Mason Plumlee,LAC,33,79,28,51,26.0,10.8,4.2,6.1,68.0,0.0,0.0,0.0,2.5,4.0,63.6,2.9,6.0,8.9,3.1,1.5,0.6,0.6,2.7,28.2,23.0,0.0,-3.4,"$9,080,417"
156,Jaylen Nowell,MIN,23,65,34,31,19.3,10.8,4.3,9.6,44.8,1.0,3.6,28.9,1.2,1.5,77.8,0.6,2.1,2.6,2.0,1.0,0.6,0.1,1.6,18.2,0.0,0.0,-0.1,"$1,930,681"
157,Kentavious Caldwell-Pope,DEN,30,76,51,25,31.3,10.8,3.8,8.3,46.2,1.8,4.2,42.3,1.4,1.6,82.4,0.5,2.3,2.7,2.4,1.1,1.5,0.5,1.9,22.4,0.0,0.0,6.5,"$14,004,703"
158,Ivica Zubac,LAC,26,76,43,33,28.5,10.8,4.3,6.8,63.4,0.0,0.0,0.0,2.2,3.1,69.7,3.1,6.8,9.9,1.0,1.5,0.4,1.3,2.9,27.7,27.0,0.0,-0.4,"$10,123,457"
159,Talen Horton-Tucker,UTA,22,65,30,35,20.2,10.7,4.0,9.4,41.9,0.9,3.1,28.6,1.9,2.6,75.0,0.6,2.6,3.2,3.8,1.9,0.6,0.4,1.7,21.6,2.0,0.0,-0.1,"$10,260,000"
160,Victor Oladipo,MIA,31,42,23,19,26.3,10.7,3.8,9.6,39.7,1.7,5.0,33.0,1.4,1.9,74.7,0.4,2.7,3.0,3.5,2.1,1.4,0.3,2.4,22.4,0.0,0.0,-0.8,"$8,750,000"
161,Nate Williams,POR,24,5,1,4,25.3,10.6,4.8,7.8,61.5,0.6,1.6,37.5,0.4,0.6,66.7,2.0,1.0,3.0,2.0,0.8,0.6,0.4,2.6,19.4,0.0,0.0,-7.6,
162,Cam Thomas,BKN,21,57,30,27,16.6,10.6,3.5,8.0,44.1,0.9,2.3,38.3,2.6,3.1,86.8,0.1,1.5,1.7,1.4,1.1,0.4,0.1,1.0,15.0,0.0,0.0,-0.1,"$2,138,160"
163,Moritz Wagner,ORL,26,57,27,30,19.5,10.5,3.5,6.9,50.0,0.9,2.9,31.3,2.7,3.2,84.1,1.2,3.3,4.5,1.5,1.2,0.6,0.2,2.4,19.6,3.0,0.0,-0.5,"$1,878,720"
164,Grayson Allen,MIL,27,72,53,19,27.4,10.4,3.4,7.7,44.0,2.0,5.1,39.9,1.6,1.8,90.5,0.8,2.4,3.3,2.3,1.0,0.9,0.2,1.6,19.9,0.0,0.0,3.2,"$8,925,000"
165,Killian Hayes,DET,21,76,16,60,28.3,10.3,4.0,10.7,37.7,1.1,3.8,28.0,1.2,1.5,82.1,0.4,2.5,2.9,6.2,2.3,1.4,0.4,2.9,26.0,6.0,0.0,-6.6,"$5,837,760"
166,Tyus Jones,MEM,27,80,51,29,24.2,10.3,3.9,8.9,43.8,1.5,4.1,37.1,1.0,1.2,80.6,0.4,2.2,2.5,5.2,0.9,1.0,0.1,0.4,23.5,9.0,1.0,1.2,"$15,000,000"
167,Cameron Payne,PHX,28,48,27,21,20.2,10.3,3.9,9.4,41.5,1.4,3.9,36.8,1.0,1.3,76.6,0.3,2.0,2.2,4.5,1.7,0.7,0.2,1.8,20.5,3.0,0.0,1.6,"$6,000,000"
168,Monte Morris,WAS,28,62,28,34,27.4,10.3,4.0,8.3,48.0,1.3,3.3,38.2,1.0,1.2,83.1,0.4,3.0,3.4,5.3,1.0,0.7,0.2,1.2,24.0,2.0,0.0,0.1,"$9,125,000"
169,Doug McDermott,SAS,31,64,19,45,20.5,10.2,3.7,8.2,45.7,1.9,4.7,41.3,0.8,1.1,75.7,0.4,1.8,2.2,1.4,0.9,0.2,0.1,1.8,14.9,0.0,0.0,-3.7,"$13,750,000"
170,Malaki Branham,SAS,20,66,15,51,23.5,10.2,4.1,9.3,44.0,1.2,3.9,30.2,0.9,1.1,82.9,0.4,2.3,2.7,1.9,1.2,0.5,0.1,1.7,17.0,0.0,0.0,-5.5,"$2,925,600"
171,Reggie Jackson,DEN,33,68,36,32,24.4,10.2,3.9,9.4,41.1,1.4,4.2,33.3,1.0,1.1,91.0,0.4,1.8,2.1,3.4,1.7,0.7,0.1,1.7,18.5,1.0,0.0,-1.2,"$11,457,217"
172,Patrick Williams,CHI,21,82,40,42,28.3,10.2,3.8,8.3,46.4,1.4,3.4,41.5,1.1,1.3,85.7,1.0,3.0,4.0,1.2,1.2,0.9,0.9,1.8,20.7,1.0,0.0,-1.7,"$7,775,400"
173,De'Anthony Melton,PHI,25,77,50,27,27.9,10.1,3.6,8.5,42.5,2.0,5.2,39.0,0.9,1.1,79.3,0.9,3.2,4.1,2.6,1.3,1.6,0.5,2.5,24.0,0.0,0.0,1.3,"$8,250,000"
174,Aaron Nesmith,IND,23,73,30,43,24.9,10.1,3.5,8.1,42.7,1.6,4.3,36.6,1.6,1.9,83.8,0.8,2.9,3.8,1.3,1.0,0.8,0.5,3.2,19.3,1.0,0.0,-2.9,"$3,804,360"
175,Josh Richardson,NOP,29,65,24,41,23.5,10.1,3.7,8.5,43.1,1.6,4.5,36.5,1.1,1.2,85.2,0.6,2.1,2.7,2.7,1.3,1.1,0.3,1.8,20.1,1.0,0.0,-2.5,"$12,196,094"
176,James Wiseman,DET,22,45,11,34,19.3,10.0,4.2,7.5,55.8,0.1,0.4,20.0,1.5,2.2,70.1,1.6,4.3,5.9,0.7,1.1,0.2,0.6,2.4,19.3,8.0,0.0,-7.3,"$9,603,360"
177,Brandon Clarke,MEM,26,56,32,24,19.5,10.0,4.1,6.2,65.6,0.0,0.1,16.7,1.8,2.5,71.9,1.6,3.9,5.5,1.3,1.0,0.6,0.7,2.3,21.4,6.0,0.0,-0.3,"$4,343,919"
178,Jonathan Kuminga,GSW,20,67,38,29,20.8,9.9,3.9,7.4,52.5,0.8,2.2,37.0,1.3,2.1,65.2,1.0,2.4,3.4,1.9,1.4,0.6,0.5,2.3,18.7,1.0,0.0,-0.8,"$5,739,840"
179,Onyeka Okongwu,ATL,22,80,41,39,23.1,9.9,4.0,6.2,63.8,0.1,0.2,30.8,1.9,2.5,78.1,2.7,4.5,7.2,1.0,1.0,0.7,1.3,3.1,25.1,12.0,0.0,0.8,"$6,395,160"
180,Jalen Suggs,ORL,22,53,20,33,23.5,9.9,3.5,8.4,41.9,1.2,3.8,32.7,1.6,2.2,72.3,1.0,2.0,3.0,2.9,1.8,1.3,0.5,2.3,21.5,0.0,0.0,-0.8,"$6,922,320"
181,Shaedon Sharpe,POR,20,80,32,48,22.2,9.9,3.8,8.1,47.2,1.3,3.5,36.0,0.9,1.3,71.4,0.8,2.2,3.0,1.2,1.0,0.5,0.3,1.7,16.5,0.0,0.0,-3.7,"$6,012,960"
182,Luka Samanic,UTA,23,7,2,5,23.0,9.9,3.7,8.1,45.6,1.1,4.4,25.8,1.3,1.9,69.2,0.0,4.3,4.3,2.1,1.4,0.9,0.3,2.4,20.2,0.0,0.0,-0.9,"$538,317"
183,Herbert Jones,NOP,24,66,31,35,29.6,9.8,3.6,7.6,46.9,0.8,2.5,33.5,1.9,2.4,76.4,1.5,2.6,4.1,2.5,1.3,1.6,0.6,3.2,23.7,0.0,0.0,2.3,
184,Thomas Bryant,DEN,25,59,33,26,18.3,9.8,3.9,6.3,62.3,0.4,1.0,44.1,1.6,2.1,73.8,1.5,4.3,5.7,0.5,0.6,0.3,0.5,1.7,19.2,9.0,0.0,-1.6,"$1,968,175"
185,Al Horford,BOS,37,63,44,19,30.5,9.8,3.6,7.6,47.6,2.3,5.2,44.6,0.2,0.3,71.4,1.2,5.0,6.2,3.0,0.6,0.5,1.0,1.9,25.5,7.0,0.0,4.9,"$26,500,000"
186,Josh Hart,NYK,28,76,42,34,32.3,9.8,3.6,6.8,52.9,0.8,2.2,37.2,1.7,2.3,75.0,1.9,5.9,7.8,3.8,1.5,1.2,0.3,2.6,27.6,10.0,0.0,4.1,"$12,960,000"
187,Julian Champagnie,SAS,22,17,7,10,18.8,9.7,3.5,7.6,45.4,1.9,4.8,40.2,0.8,1.0,82.4,0.6,2.9,3.5,0.6,0.6,0.4,0.3,1.5,16.1,1.0,0.0,-4.4,"$508,891"
188,Cam Reddish,POR,23,40,14,26,24.7,9.7,3.5,7.8,44.6,1.1,3.6,31.3,1.6,1.9,85.3,0.5,1.8,2.2,1.4,1.2,1.0,0.4,1.8,17.3,0.0,0.0,-4.8,"$5,954,454"
189,Coby White,CHI,23,74,37,37,23.4,9.7,3.6,8.0,44.3,1.7,4.6,37.2,0.8,0.9,87.1,0.2,2.6,2.9,2.8,1.0,0.7,0.1,1.6,18.7,1.0,0.0,1.9,"$7,413,955"
190,Keita Bates-Diop,SAS,27,67,18,49,21.7,9.7,3.5,6.9,50.8,0.8,2.1,39.4,1.8,2.2,79.3,1.0,2.7,3.7,1.5,0.8,0.7,0.3,0.9,18.5,0.0,0.0,-4.0,"$1,878,720"
191,Caleb Martin,MIA,27,71,38,33,29.3,9.6,3.6,7.7,46.4,1.2,3.3,35.6,1.3,1.6,80.5,1.2,3.6,4.8,1.6,1.1,1.0,0.4,2.0,21.1,2.0,0.0,-0.1,"$6,479,000"
192,Isaiah Joe,OKC,23,73,36,37,19.1,9.5,3.1,7.0,44.1,2.2,5.4,40.9,1.1,1.4,82.0,0.4,2.0,2.4,1.2,0.5,0.7,0.1,1.4,15.9,0.0,0.0,2.9,"$1,836,090"
193,Andrew Nembhard,IND,23,75,32,43,27.6,9.5,3.8,8.6,44.1,1.2,3.5,35.0,0.7,0.8,79.0,0.5,2.2,2.7,4.5,1.7,0.9,0.2,2.4,21.1,5.0,0.0,-3.5,"$2,244,111"
194,Jalen Smith,IND,23,68,31,37,18.8,9.4,3.6,7.5,47.6,0.8,2.8,28.3,1.5,2.0,75.9,1.9,3.9,5.8,1.0,1.1,0.3,0.9,2.3,20.4,7.0,0.0,-1.4,"$4,670,160"
195,Jalen McDaniels,PHI,25,80,31,49,23.9,9.4,3.5,7.7,45.5,1.0,2.9,33.2,1.5,1.7,84.1,0.8,3.5,4.3,1.6,1.2,1.0,0.4,2.6,20.3,3.0,0.0,-1.9,"$1,930,681"
196,Gabe Vincent,MIA,27,68,37,31,25.9,9.4,3.4,8.3,40.2,1.7,5.1,33.4,1.0,1.1,87.2,0.4,1.7,2.1,2.5,1.4,0.9,0.1,2.3,17.3,0.0,0.0,-0.4,"$1,815,677"
197,Donte DiVincenzo,GSW,26,72,42,30,26.3,9.4,3.3,7.5,43.5,2.1,5.3,39.7,0.8,1.0,81.7,1.1,3.4,4.5,3.5,1.6,1.3,0.1,1.8,23.0,4.0,0.0,1.7,"$4,500,000"
198,Kyle Anderson,MIN,29,69,36,33,28.4,9.4,3.7,7.2,50.9,0.6,1.5,41.0,1.4,2.0,73.5,1.0,4.4,5.3,4.9,1.5,1.1,0.9,2.1,27.7,10.0,3.0,1.3,"$8,780,488"
199,Chris Boucher,TOR,30,76,39,37,20.0,9.4,3.4,7.0,49.3,0.8,2.5,32.8,1.7,2.2,76.2,2.1,3.5,5.5,0.4,0.5,0.6,0.8,1.9,20.4,9.0,0.0,-0.2,"$12,690,000"
200,Hamidou Diallo,DET,24,56,12,44,17.8,9.3,3.8,6.7,57.3,0.1,0.4,23.8,1.6,2.6,58.8,1.0,2.4,3.5,1.0,1.3,0.9,0.3,2.2,17.4,0.0,0.0,-0.3,"$5,200,000"
201,Tari Eason,HOU,22,82,22,60,21.6,9.3,3.6,8.0,44.8,0.7,2.1,34.3,1.3,1.8,75.2,2.4,3.7,6.0,1.1,1.2,1.2,0.6,2.3,22.1,7.0,0.0,-1.9,"$3,359,160"
202,Luke Kennard,MEM,27,59,37,22,22.3,9.3,3.2,6.5,49.2,2.3,4.6,49.4,0.6,0.7,94.9,0.3,2.4,2.7,1.5,0.8,0.5,0.1,1.4,15.9,0.0,0.0,3.6,"$13,745,455"
203,Precious Achiuwa,TOR,23,55,30,25,20.7,9.2,3.6,7.3,48.5,0.5,2.0,26.9,1.6,2.3,70.2,1.8,4.1,6.0,0.9,1.1,0.6,0.5,1.9,20.0,10.0,0.0,-0.7,"$2,840,160"
204,Seth Curry,BKN,32,61,37,24,19.8,9.2,3.4,7.4,46.3,1.5,3.8,40.5,0.8,0.9,92.7,0.2,1.4,1.6,1.6,0.8,0.6,0.1,1.6,14.9,0.0,0.0,-1.1,"$8,496,653"
205,Walker Kessler,UTA,21,74,34,40,23.0,9.2,4.0,5.6,72.0,0.0,0.0,33.3,1.1,2.1,51.6,3.1,5.3,8.4,0.9,0.8,0.4,2.3,2.3,27.9,20.0,0.0,1.0,"$2,696,400"
206,Deni Avdija,WAS,22,76,33,43,26.6,9.2,3.3,7.6,43.7,0.9,3.1,29.7,1.6,2.2,73.9,1.0,5.4,6.4,2.8,1.6,0.9,0.4,2.8,23.1,11.0,0.0,-0.7,"$4,916,160"
207,Jalen Duren,DET,19,67,16,51,24.9,9.1,3.9,5.9,64.8,0.0,0.0,0.0,1.4,2.3,61.1,3.4,5.5,8.9,1.1,1.4,0.7,0.9,2.7,24.7,19.0,0.0,-4.2,"$4,124,280"
208,Taurean Prince,MIN,29,54,31,23,22.1,9.1,3.3,7.0,46.7,1.4,3.6,38.1,1.2,1.4,84.4,0.3,2.2,2.4,1.6,1.3,0.5,0.3,2.3,15.5,0.0,0.0,0.0,"$7,100,000"
209,Jae'Sean Tate,HOU,27,31,7,24,21.9,9.1,3.5,7.4,48.0,0.4,1.5,28.3,1.6,2.2,72.5,1.3,2.5,3.8,2.7,1.5,0.7,0.2,3.4,19.0,0.0,0.0,-3.0,"$7,065,217"
210,Josh Green,DAL,22,60,27,33,25.7,9.1,3.4,6.4,53.7,1.1,2.8,40.2,1.1,1.6,72.3,0.9,2.1,3.0,1.7,1.2,0.7,0.1,2.6,16.5,1.0,0.0,1.3,"$3,098,400"
211,Naji Marshall,NOP,25,77,40,37,23.3,9.1,3.2,7.4,43.3,0.9,2.8,30.3,1.8,2.3,78.9,0.6,3.0,3.6,2.5,1.3,0.7,0.2,1.5,18.5,0.0,0.0,0.1,"$1,782,621"
212,Bol Bol,ORL,23,70,26,44,21.5,9.1,3.7,6.8,54.6,0.4,1.6,26.5,1.2,1.5,75.9,1.0,4.8,5.8,1.0,1.6,0.4,1.2,1.3,20.8,6.0,0.0,-2.1,"$2,200,000"
213,Santi Aldama,MEM,22,77,47,30,21.8,9.0,3.2,6.8,47.0,1.2,3.5,35.3,1.4,1.9,75.0,1.1,3.7,4.8,1.3,0.8,0.6,0.6,1.9,19.6,4.0,0.0,1.2,
214,Daniel Gafford,WAS,24,78,32,46,20.6,9.0,3.7,5.1,73.2,0.0,0.0,0.0,1.6,2.4,67.9,2.1,3.5,5.6,1.1,1.1,0.4,1.3,2.4,21.3,10.0,0.0,-1.1,"$1,930,681"
215,Jose Alvarado,NOP,25,61,30,31,21.5,9.0,3.3,8.0,41.1,1.4,4.0,33.6,1.1,1.3,81.3,0.5,1.9,2.3,3.0,1.3,1.1,0.2,2.0,18.8,0.0,0.0,1.7,"$1,563,518"
216,Mark Williams,CHA,21,43,18,25,19.3,9.0,3.7,5.8,63.7,0.0,0.0,0.0,1.6,2.3,69.1,2.2,4.9,7.1,0.4,0.9,0.7,1.0,2.2,22.3,11.0,0.0,-1.8,"$3,722,040"
217,AJ Griffin,ATL,19,72,34,38,19.5,8.9,3.4,7.4,46.5,1.4,3.6,39.0,0.6,0.7,89.4,0.5,1.6,2.1,1.0,0.6,0.6,0.2,1.2,14.6,0.0,0.0,0.9,"$3,536,160"
218,Royce O'Neale,BKN,30,76,42,34,31.7,8.8,3.0,7.8,38.6,2.1,5.5,38.9,0.7,0.9,72.5,0.7,4.3,5.1,3.7,1.5,0.9,0.6,3.1,23.5,4.0,1.0,1.0,"$9,200,000"
219,Terance Mann,LAC,26,81,44,37,23.1,8.8,3.4,6.5,51.9,1.0,2.4,38.9,1.1,1.5,78.0,1.0,2.5,3.4,2.3,1.0,0.5,0.3,1.8,17.7,1.0,0.0,0.0,"$1,930,681"
220,Shaquille Harrison,LAL,29,5,1,4,24.0,8.8,3.0,7.2,41.7,0.6,2.0,30.0,2.2,3.0,73.3,0.2,4.2,4.4,6.0,1.2,2.2,0.4,2.4,29.7,1.0,0.0,-0.2,"$134,862"
221,Dennis Smith Jr.,CHA,25,54,19,35,25.7,8.8,3.4,8.4,41.2,0.4,2.1,21.6,1.4,2.0,73.6,0.5,2.6,3.1,4.8,1.5,1.4,0.5,2.3,23.8,1.0,0.0,-1.3,
222,Jaden Hardy,DAL,20,48,20,28,14.8,8.8,3.0,6.9,43.8,1.3,3.3,40.4,1.4,1.6,82.3,0.2,1.6,1.9,1.4,1.0,0.4,0.1,1.3,13.5,0.0,0.0,-0.7,"$1,017,781"
223,Jordan Nwora,IND,24,62,36,26,19.2,8.7,3.1,7.2,43.6,1.4,3.4,40.8,1.1,1.4,79.1,0.8,2.9,3.7,1.4,1.1,0.4,0.2,1.2,16.1,1.0,0.0,-4.1,"$2,800,000"
224,Cedi Osman,CLE,28,77,48,29,20.1,8.7,3.1,6.9,45.1,1.5,4.1,37.2,1.0,1.4,69.4,0.3,2.0,2.3,1.5,0.7,0.5,0.1,1.6,14.8,1.0,0.0,3.0,"$7,426,088"
225,T.J. McConnell,IND,31,75,31,44,20.4,8.7,3.8,6.9,54.3,0.3,0.8,44.1,0.8,0.9,85.3,0.6,2.5,3.1,5.3,1.9,1.1,0.1,1.4,22.1,6.0,1.0,-0.8,
226,Landry Shamet,PHX,26,40,19,21,20.2,8.7,2.8,7.5,37.7,1.9,5.0,37.7,1.1,1.3,88.2,0.3,1.4,1.7,2.3,0.9,0.7,0.1,1.5,15.6,0.0,0.0,1.0,"$9,500,000"
227,Steven Adams,MEM,29,42,28,14,27.0,8.6,3.7,6.3,59.7,0.0,0.0,0.0,1.1,3.1,36.4,5.1,6.5,11.5,2.3,1.9,0.9,1.1,2.3,29.9,15.0,0.0,5.8,"$17,926,829"
228,Ayo Dosunmu,CHI,23,80,40,40,26.2,8.6,3.5,7.1,49.3,0.7,2.4,31.2,0.8,1.0,80.5,0.6,2.2,2.8,2.6,1.2,0.8,0.3,2.3,17.8,0.0,0.0,-1.0,"$1,563,518"
229,Draymond Green,GSW,33,73,41,32,31.5,8.5,3.4,6.5,52.7,0.5,1.8,30.5,1.1,1.5,71.3,0.9,6.3,7.2,6.8,2.8,1.0,0.8,3.1,30.1,11.0,0.0,4.7,"$25,806,468"
230,Shake Milton,PHI,26,76,52,24,20.6,8.4,3.2,6.6,47.9,0.7,1.9,37.8,1.3,1.5,85.3,0.5,2.0,2.5,3.2,1.2,0.3,0.2,1.6,16.4,3.0,0.0,1.9,"$1,997,718"
231,Dorian Finney-Smith,BKN,30,66,31,35,30.4,8.3,3.0,7.6,39.1,1.7,5.1,33.7,0.7,0.9,76.3,1.7,3.1,4.8,1.5,0.9,0.8,0.5,2.2,19.6,2.0,0.0,-0.1,"$12,939,848"
232,Terrence Ross,PHX,32,63,27,36,21.1,8.3,3.2,7.4,43.0,1.5,4.1,36.8,0.4,0.5,79.4,0.3,2.1,2.4,1.5,0.7,0.6,0.2,1.5,14.9,0.0,0.0,-1.2,"$11,500,000"
233,Gary Harris,ORL,28,48,22,26,24.7,8.3,2.9,6.4,45.0,2.0,4.5,43.1,0.6,0.6,90.0,0.4,1.6,2.0,1.2,0.6,0.9,0.3,1.9,15.5,0.0,0.0,-1.8,"$13,000,000"
234,Kevin Love,MIA,34,62,35,27,20.0,8.2,2.7,6.8,38.9,1.6,4.8,33.4,1.3,1.5,87.9,1.0,5.5,6.4,1.9,1.1,0.3,0.2,1.6,19.0,6.0,0.0,1.8,"$30,556,968"
235,Nick Richards,CHA,25,65,21,44,18.7,8.2,3.0,4.8,62.9,0.0,0.0,100,2.1,2.8,74.9,2.3,4.1,6.4,0.6,0.9,0.2,1.1,2.4,19.6,14.0,0.0,-1.7,"$1,782,621"
236,Georges Niang,PHI,30,78,51,27,19.4,8.2,2.8,6.4,44.2,2.0,4.9,40.1,0.5,0.6,86.7,0.2,2.1,2.4,1.0,0.7,0.4,0.2,1.9,13.5,0.0,0.0,1.0,"$3,465,000"
237,Damion Lee,PHX,30,74,40,34,20.4,8.2,2.7,6.1,44.2,1.5,3.3,44.5,1.3,1.4,90.4,0.5,2.5,3.0,1.3,1.1,0.4,0.1,1.6,14.3,0.0,0.0,1.1,"$2,133,278"
238,Aleksej Pokusevski,OKC,21,34,16,18,20.6,8.1,3.2,7.3,43.4,1.1,3.1,36.5,0.6,1.0,62.9,1.3,3.4,4.7,1.9,1.3,0.6,1.3,1.7,20.8,3.0,0.0,-5.8,"$3,261,480"
239,Grant Williams,BOS,24,79,55,24,25.9,8.1,2.7,6.0,45.4,1.5,3.7,39.5,1.2,1.5,77.0,1.1,3.5,4.6,1.7,1.0,0.5,0.4,2.4,17.8,3.0,0.0,2.6,"$4,306,281"
240,Jevon Carter,MIL,27,81,57,24,22.4,8.0,3.0,7.0,42.3,1.8,4.2,42.1,0.4,0.5,81.6,0.4,2.1,2.5,2.4,1.0,0.8,0.4,2.0,17.2,1.0,0.0,0.8,"$6,025,000"
241,Kenrich Williams,OKC,28,53,26,27,22.8,8.0,3.4,6.5,51.7,0.9,2.5,37.3,0.3,0.7,43.6,1.8,3.1,4.9,2.0,0.6,0.8,0.3,2.1,19.6,2.0,0.0,1.4,"$2,000,000"
242,Gabe York,IND,29,3,1,2,18.6,8.0,2.7,7.0,38.1,2.0,6.0,33.3,0.7,0.7,100,0.0,2.0,2.0,1.7,0.0,0.7,0.0,1.7,14.9,0.0,0.0,8.0,"$32,171"
243,Kemba Walker,DAL,33,9,5,4,16.0,8.0,2.7,6.3,42.1,0.8,3.1,25.0,1.9,2.3,81.0,0.3,1.4,1.8,2.1,0.4,0.2,0.2,1.2,14.2,0.0,0.0,-0.1,"$37,281,261"
244,Robert Williams III,BOS,25,35,24,11,23.5,8.0,3.6,4.9,74.7,0.0,0.0,0.0,0.7,1.2,61.0,3.0,5.4,8.3,1.4,1.0,0.6,1.4,1.9,25.2,6.0,0.0,4.9,
245,Jarred Vanderbilt,LAL,24,78,43,35,24.1,7.9,3.2,5.8,54.8,0.4,1.2,32.2,1.2,1.8,69.1,2.2,5.3,7.5,2.4,1.2,1.1,0.3,2.4,23.2,10.0,0.0,-1.3,"$4,374,000"
246,Ochai Agbaji,UTA,23,59,29,30,20.5,7.9,2.8,6.5,42.7,1.4,3.9,35.5,0.9,1.2,81.2,0.7,1.3,2.1,1.1,0.7,0.3,0.3,1.7,13.0,0.0,0.0,-0.3,"$3,918,360"
247,Duane Washington Jr.,NYK,23,31,17,14,12.7,7.9,3.0,8.3,36.7,1.3,3.6,36.0,0.5,0.8,66.7,0.1,1.1,1.2,2.0,1.1,0.2,0.1,0.7,12.2,0.0,0.0,-0.2,
248,Chris Duarte,IND,26,46,19,27,19.5,7.9,2.7,7.2,36.9,1.2,3.8,31.6,1.3,1.6,84.7,0.4,2.1,2.5,1.4,0.9,0.5,0.2,1.4,14.3,0.0,0.0,-2.5,"$3,936,960"
249,Jeff Green,DEN,36,56,33,23,19.5,7.8,2.9,5.9,48.8,0.5,1.9,28.8,1.6,2.1,74.4,0.7,1.9,2.6,1.2,0.8,0.3,0.3,1.8,13.8,0.0,0.0,-3.4,"$4,500,000"
250,Tre Mann,OKC,22,67,31,36,17.7,7.7,2.9,7.5,39.3,1.2,3.8,31.5,0.6,0.8,76.4,0.4,1.9,2.3,1.8,0.9,0.6,0.2,1.5,14.5,1.0,1.0,0.9,"$3,046,200"
251,Pat Connaughton,MIL,30,61,43,18,23.7,7.6,2.7,6.9,39.2,1.8,5.3,33.9,0.4,0.7,65.9,0.8,3.8,4.6,1.3,0.5,0.6,0.2,1.1,16.9,2.0,0.0,2.2,"$5,728,393"
252,Joe Harris,BKN,31,74,40,34,20.6,7.6,2.7,5.9,45.7,1.9,4.5,42.6,0.2,0.4,64.3,0.3,1.9,2.2,1.4,0.6,0.5,0.2,1.9,13.7,0.0,0.0,-0.3,"$18,642,857"
253,Trey Lyles,SAC,27,74,43,31,16.9,7.6,2.5,5.5,45.8,1.2,3.2,36.3,1.4,1.7,81.5,0.9,3.1,4.1,0.9,0.9,0.4,0.4,1.3,15.3,1.0,0.0,1.4,"$2,625,000"
254,T.J. Warren,PHX,29,42,26,16,16.4,7.5,3.1,6.4,48.9,0.5,1.6,32.8,0.7,0.8,80.0,0.6,2.3,2.9,1.0,0.5,0.5,0.3,1.5,14.3,0.0,0.0,1.3,
255,Torrey Craig,PHX,32,79,44,35,24.7,7.4,2.9,6.3,45.6,1.3,3.2,39.5,0.4,0.6,71.1,1.8,3.6,5.4,1.5,0.9,0.6,0.8,2.3,19.5,4.0,0.0,-2.2,"$5,121,951"
256,Obi Toppin,NYK,25,67,37,30,15.7,7.4,2.8,6.3,44.6,1.3,3.7,34.4,0.6,0.7,80.9,0.4,2.4,2.8,1.0,0.6,0.3,0.2,1.0,13.2,0.0,0.0,0.9,"$5,348,280"
257,Trendon Watford,POR,22,62,26,36,19.1,7.4,2.9,5.2,56.0,0.4,1.0,39.1,1.2,1.6,72.0,0.7,3.2,3.8,2.1,1.1,0.5,0.2,1.9,16.1,3.0,0.0,-2.9,"$1,563,518"
258,Devonte' Graham,SAS,28,73,31,42,18.3,7.4,2.2,5.9,37.4,1.6,4.6,35.2,1.3,1.8,74.8,0.3,1.4,1.7,2.7,0.7,0.6,0.2,1.1,15.2,0.0,0.0,-2.2,
259,Delon Wright,WAS,31,50,26,24,24.4,7.4,2.8,5.8,47.4,0.8,2.4,34.5,1.0,1.2,86.7,1.2,2.4,3.6,3.9,0.9,1.8,0.3,1.2,23.2,0.0,0.0,1.4,"$7,804,878"
260,Mitchell Robinson,NYK,25,59,35,24,26.9,7.4,3.2,4.7,67.1,0.0,0.0,0.0,1.0,2.1,48.4,4.5,4.9,9.4,0.9,0.7,0.9,1.8,2.7,27.7,13.0,0.0,3.1,"$17,045,454"
261,Josh Okogie,PHX,24,72,38,34,18.8,7.3,2.3,5.8,39.1,0.9,2.7,33.5,1.9,2.7,72.4,1.5,2.0,3.5,1.5,0.9,0.8,0.5,1.6,16.6,2.0,0.0,1.5,"$1,968,175"
262,Jay Huff,WAS,25,7,2,5,13.6,7.3,2.1,3.6,60.0,0.9,1.7,50.0,2.1,2.3,93.8,0.9,2.1,3.0,1.4,0.7,0.4,0.6,2.1,15.3,0.0,0.0,-1.0,"$116,986"
263,Isaiah Jackson,IND,21,63,24,39,16.5,7.2,2.8,5.0,56.3,0.0,0.2,14.3,1.5,2.3,65.1,1.8,2.7,4.5,0.8,0.8,0.5,1.5,2.4,18.9,5.0,0.0,-2.0,"$2,573,760"
264,Reggie Bullock Jr.,DAL,32,78,37,41,30.3,7.2,2.5,6.0,40.9,1.9,5.1,38.0,0.3,0.5,70.3,0.4,3.2,3.6,1.4,0.5,0.7,0.2,2.1,15.7,1.0,0.0,-1.1,
265,Lindell Wigginton,MIL,25,7,4,3,12.4,7.1,2.6,5.3,48.6,0.9,2.6,33.3,1.1,1.3,88.9,0.0,1.0,1.0,2.0,1.7,0.0,0.3,1.0,10.5,1.0,0.0,-5.6,"$99,438"
266,Edmond Sumner,BKN,27,53,33,20,13.9,7.1,2.3,5.1,46.1,0.6,1.6,35.6,1.9,2.0,91.7,0.2,1.2,1.5,1.3,0.9,0.6,0.2,1.6,12.2,0.0,0.0,0.5,"$1,968,175"
267,Troy Brown Jr.,LAL,23,76,40,36,24.5,7.1,2.6,6.1,43.0,1.4,3.7,38.1,0.4,0.5,87.2,0.8,3.2,4.1,1.3,0.6,0.8,0.2,1.6,16.2,2.0,0.0,-0.2,
268,Kendrick Nunn,WAS,27,70,30,40,13.8,7.1,2.7,6.4,42.4,1.1,3.2,35.4,0.5,0.6,85.4,0.2,1.3,1.6,1.3,0.9,0.4,0.1,0.9,11.4,0.0,0.0,-0.8,"$5,250,000"
269,Kevon Looney,GSW,27,82,44,38,23.9,7.0,3.0,4.7,63.0,0.0,0.0,0.0,1.1,1.9,60.6,3.3,5.9,9.3,2.5,0.5,0.6,0.6,2.7,25.1,14.0,0.0,1.9,"$8,000,000"
270,Xavier Tillman,MEM,24,61,40,21,19.3,7.0,3.1,5.0,61.4,0.1,0.2,26.7,0.8,1.5,55.1,2.0,3.0,5.0,1.6,0.7,1.0,0.5,1.6,19.0,4.0,0.0,0.0,"$1,782,621"
271,Chance Comanche,POR,27,1,0,1,20.8,7.0,3.0,5.0,60.0,0.0,0.0,0.0,1.0,4.0,25.0,2.0,1.0,3.0,0.0,0.0,0.0,1.0,0.0,13.6,0.0,0.0,-29.0,
272,Daniel Theis,IND,31,7,1,6,15.5,7.0,3.0,6.3,47.7,0.3,1.6,18.2,0.7,1.7,41.7,1.0,2.1,3.1,1.3,0.4,0.3,0.9,1.0,15.7,0.0,0.0,-2.7,"$8,694,369"
273,Joshua Primo,SAS,20,4,3,1,23.3,7.0,2.3,6.5,34.6,0.8,3.0,25.0,1.8,2.3,77.8,0.5,2.8,3.3,4.5,2.8,0.3,0.5,2.0,17.2,0.0,0.0,-0.5,
274,Eugene Omoruyi,DET,26,40,10,30,16.1,7.0,2.5,5.7,44.3,0.6,2.2,28.1,1.3,1.9,68.0,1.1,1.7,2.8,0.7,0.9,0.7,0.1,2.3,12.8,0.0,0.0,-1.0,"$1,013,119"
275,Svi Mykhailiuk,CHA,26,32,16,16,14.6,6.9,2.4,5.4,44.5,1.3,3.1,42.4,0.8,1.2,66.7,0.5,1.2,1.7,1.7,0.8,0.5,0.1,0.7,12.4,0.0,0.0,0.6,
276,Ben Simmons,BKN,26,42,24,18,26.3,6.9,3.2,5.6,56.6,0.0,0.0,0.0,0.6,1.4,43.9,1.0,5.3,6.3,6.1,2.3,1.3,0.6,3.3,26.8,4.0,1.0,1.0,"$35,448,672"
277,Romeo Langford,SAS,23,43,14,29,19.6,6.9,2.8,6.0,46.7,0.4,1.4,26.2,0.9,1.3,69.6,1.3,1.3,2.7,1.2,0.7,0.6,0.3,1.6,13.7,0.0,0.0,-4.2,"$5,634,257"
278,Willy Hernangomez,NOP,29,38,23,15,12.0,6.9,2.3,4.4,52.7,0.1,0.3,27.3,2.1,2.7,77.9,1.5,3.2,4.7,0.9,1.0,0.4,0.3,1.7,15.2,2.0,0.0,0.5,"$2,443,581"
279,Joe Ingles,MIL,35,46,32,14,22.7,6.9,2.3,5.4,43.5,1.8,4.4,40.9,0.4,0.5,85.7,0.3,2.5,2.8,3.3,1.2,0.7,0.1,1.6,16.5,1.0,0.0,1.7,"$6,479,000"
280,Jae Crowder,MIL,32,18,13,5,18.9,6.9,2.5,5.2,47.9,1.3,3.1,43.6,0.6,0.7,83.3,0.9,2.9,3.8,1.5,0.4,0.7,0.3,1.5,16.4,0.0,0.0,0.0,"$10,183,800"
281,Cory Joseph,DET,31,62,12,50,19.8,6.9,2.4,5.7,42.7,1.1,2.9,38.9,0.9,1.2,79.2,0.3,1.4,1.7,3.5,0.9,0.5,0.1,1.4,15.4,0.0,0.0,-1.8,"$5,155,500"
282,Ty Jerome,GSW,25,45,22,23,18.1,6.9,2.6,5.4,48.8,0.8,2.0,38.9,0.8,0.9,92.7,0.2,1.6,1.7,3.0,0.7,0.5,0.1,1.4,14.6,0.0,0.0,-2.0,"$4,728,948"
283,Aaron Wiggins,OKC,24,70,37,33,18.5,6.8,2.7,5.2,51.2,0.7,1.7,39.3,0.8,1.0,83.1,1.0,2.0,3.0,1.1,0.8,0.6,0.2,1.6,13.7,1.0,0.0,0.1,"$1,563,518"
284,Jeremiah Robinson-Earl,OKC,22,43,16,27,18.9,6.8,2.6,5.8,44.4,0.9,2.6,33.3,0.8,1.0,83.3,1.7,2.5,4.2,1.0,0.4,0.6,0.3,1.7,15.3,1.0,0.0,-0.2,"$2,000,000"
285,Larry Nance Jr.,NOP,30,65,34,31,21.2,6.8,2.9,4.7,61.0,0.2,0.6,33.3,0.8,1.2,69.6,1.6,3.8,5.4,1.8,0.6,0.9,0.6,2.0,19.7,3.0,0.0,2.8,
286,Will Barton,TOR,32,56,27,29,17.7,6.8,2.5,6.5,37.9,1.2,3.2,36.7,0.7,0.8,78.7,0.3,2.2,2.4,2.0,0.9,0.5,0.2,1.0,14.0,0.0,0.0,-3.0,"$15,059,712"
287,Justise Winslow,POR,27,29,15,14,26.8,6.8,2.8,6.8,40.9,0.5,1.6,31.1,0.7,1.0,71.4,1.7,3.3,5.0,3.4,1.5,1.0,0.4,3.1,20.6,1.0,0.0,-1.3,"$4,097,561"
288,Terence Davis,SAC,26,64,38,26,13.1,6.7,2.4,5.7,42.3,1.4,3.8,36.6,0.5,0.7,79.1,0.3,1.9,2.2,1.0,0.8,0.7,0.2,1.6,12.7,0.0,0.0,0.7,"$4,000,000"
289,Theo Maledon,CHA,22,44,14,30,19.4,6.7,2.3,5.8,40.2,0.6,2.2,29.5,1.4,1.7,85.1,0.3,2.5,2.8,3.5,1.3,0.8,0.3,1.4,17.2,1.0,0.0,-3.3,"$2,408,891"
290,Anthony Lamb,GSW,25,62,36,26,19.3,6.7,2.4,5.1,47.1,1.2,3.2,36.7,0.7,1.0,76.7,0.9,2.6,3.5,1.5,0.9,0.5,0.3,2.2,14.6,0.0,0.0,0.5,"$694,878"
291,Dwight Powell,DAL,31,76,37,39,19.2,6.7,2.6,3.5,73.2,0.0,0.1,0.0,1.5,2.2,66.7,2.0,2.2,4.1,0.9,0.9,0.6,0.3,2.8,15.0,1.0,0.0,2.2,"$11,080,125"
292,David Roddy,MEM,22,70,44,26,18.0,6.7,2.6,6.0,42.9,0.9,3.0,30.7,0.6,0.9,63.1,0.7,2.0,2.8,0.8,0.8,0.4,0.3,1.5,12.5,0.0,0.0,-0.9,"$2,588,640"
293,Isaiah Livers,DET,24,52,10,42,23.1,6.7,2.3,5.5,41.7,1.4,3.9,36.5,0.6,0.8,82.1,0.5,2.2,2.8,0.8,0.6,0.5,0.5,2.0,13.8,1.0,0.0,-3.9,"$1,563,518"
294,Nassir Little,POR,23,54,22,32,18.1,6.6,2.5,5.6,44.2,1.1,2.9,36.7,0.6,0.9,71.7,0.5,2.1,2.6,0.9,0.7,0.4,0.4,1.2,12.7,0.0,0.0,-3.5,"$4,171,548"
295,Drew Eubanks,POR,26,78,31,47,20.3,6.6,2.7,4.3,64.1,0.1,0.2,38.9,1.1,1.6,66.4,1.7,3.7,5.4,1.3,0.9,0.5,1.3,2.2,19.7,3.0,0.0,-1.7,"$1,968,175"
296,Jock Landale,PHX,27,69,35,34,14.2,6.6,2.6,4.9,52.8,0.3,1.2,25.0,1.1,1.5,75.2,1.7,2.3,4.1,1.0,0.9,0.2,0.4,1.8,14.1,3.0,0.0,2.0,"$1,563,518"
297,Mo Bamba,LAL,25,49,25,24,15.7,6.6,2.4,4.9,48.5,1.0,2.5,38.7,0.8,1.3,66.1,1.2,3.4,4.6,0.9,0.6,0.3,0.9,2.1,16.3,2.0,0.0,0.2,"$10,300,000"
298,Kevin Knox II,POR,23,63,12,51,15.1,6.6,2.4,5.3,45.8,1.0,3.0,34.9,0.7,1.0,76.7,0.5,2.3,2.8,0.5,0.8,0.4,0.2,1.5,11.7,2.0,0.0,-3.6,
299,Jordan Goodwin,WAS,24,62,22,40,17.8,6.6,2.5,5.7,44.8,0.6,1.9,32.2,0.9,1.1,76.8,0.9,2.4,3.3,2.7,0.9,0.9,0.4,1.5,17.7,0.0,0.0,-1.9,"$1,280,206"
300,Cody Zeller,MIA,30,15,6,9,14.4,6.5,2.5,3.9,62.7,0.0,0.1,0.0,1.6,2.3,68.6,1.7,2.6,4.3,0.7,0.9,0.2,0.3,2.2,13.1,0.0,0.0,-3.2,"$743,922"
301,Brandon Boston Jr.,LAC,21,22,9,13,11.3,6.5,2.3,5.5,41.8,0.5,1.3,41.4,1.3,1.7,76.3,0.3,1.0,1.4,0.9,0.5,0.4,0.0,1.0,10.2,0.0,0.0,-2.0,
302,Jay Scrubb,ORL,22,2,1,1,15.1,6.5,2.5,3.5,71.4,1.0,1.0,100,0.5,1.0,50.0,0.0,3.0,3.0,0.5,1.5,1.0,0.0,1.0,12.4,0.0,0.0,-8.0,"$49,719"
303,Luka Garza,MIN,24,28,15,13,8.7,6.5,2.3,4.1,54.3,0.5,1.4,35.9,1.5,1.9,78.8,1.2,1.1,2.3,0.6,0.5,0.1,0.1,1.5,10.2,0.0,0.0,0.6,"$508,891"
304,Isaac Okoro,CLE,22,76,48,28,21.7,6.4,2.3,4.7,49.4,0.8,2.3,36.3,1.0,1.4,75.7,0.7,1.8,2.5,1.1,0.6,0.7,0.4,2.1,14.0,0.0,0.0,1.7,"$7,040,880"
305,R.J. Hampton,DET,22,47,9,38,15.9,6.4,2.2,5.0,43.0,0.9,2.5,35.3,1.2,1.6,75.0,0.4,1.5,1.9,1.1,0.9,0.6,0.2,1.1,11.8,0.0,0.0,-3.0,
306,JaMychal Green,GSW,33,57,30,27,14.0,6.4,2.4,4.4,54.0,0.7,1.9,37.8,0.9,1.2,77.6,1.3,2.3,3.6,0.9,0.9,0.4,0.4,1.8,13.7,0.0,0.0,-2.7,"$8,200,000"
307,Sam Hauser,BOS,25,80,55,25,16.1,6.4,2.3,5.0,45.5,1.8,4.2,41.8,0.2,0.2,70.6,0.4,2.1,2.6,0.9,0.4,0.4,0.3,1.2,12.3,0.0,0.0,2.7,"$1,637,966"
308,Duncan Robinson,MIA,29,42,19,23,16.4,6.4,2.1,5.6,37.1,1.5,4.6,32.8,0.7,0.8,90.6,0.2,1.5,1.6,1.1,0.7,0.3,0.0,1.8,10.3,0.0,0.0,-1.3,"$16,902,000"
309,Dario Saric,OKC,29,57,26,31,14.1,6.4,2.2,4.9,45.8,0.8,2.0,39.1,1.1,1.3,82.9,0.9,2.7,3.6,1.3,1.0,0.4,0.1,1.7,13.1,2.0,0.0,0.6,"$9,240,000"
310,Simone Fontecchio,UTA,27,52,25,27,14.7,6.3,2.2,6.0,36.9,1.2,3.7,33.0,0.7,0.8,79.5,0.6,1.1,1.7,0.8,0.8,0.3,0.2,1.2,10.1,0.0,0.0,-3.9,"$3,205,128"
311,Goran Dragic,MIL,37,58,27,31,15.0,6.3,2.4,5.8,42.1,0.9,2.5,35.9,0.5,0.8,68.9,0.3,1.1,1.4,2.6,1.1,0.2,0.1,1.1,11.7,0.0,0.0,0.1,"$3,523,762"
312,Quenton Jackson,WAS,24,9,3,6,15.0,6.2,2.1,4.7,45.2,0.1,1.3,8.3,1.9,2.4,77.3,0.2,0.7,0.9,1.7,0.4,0.4,0.1,1.1,11.0,0.0,0.0,-1.9,"$219,630"
313,Patrick Beverley,CHI,34,67,34,33,27.1,6.2,2.1,5.4,40.0,1.2,3.6,33.5,0.7,1.0,72.3,0.7,3.0,3.7,2.9,0.9,0.9,0.6,2.8,18.7,2.0,0.0,-1.2,"$13,801,614"
314,Jared Butler,OKC,22,6,3,3,12.8,6.2,2.5,5.3,46.9,1.2,2.3,50.0,0.0,0.0,0.0,0.2,0.5,0.7,1.3,0.8,0.8,0.0,0.8,10.6,0.0,0.0,-0.2,"$1,674,655"
315,Nickeil Alexander-Walker,MIN,24,59,29,30,15.0,6.2,2.2,5.0,44.4,1.0,2.7,38.4,0.7,1.0,66.7,0.3,1.5,1.7,1.8,0.9,0.5,0.4,1.5,12.7,0.0,0.0,-0.9,"$5,009,633"
316,Patty Mills,BKN,34,40,18,22,14.2,6.2,2.2,5.2,41.1,1.2,3.4,36.6,0.6,0.8,83.3,0.2,0.9,1.1,1.4,0.8,0.4,0.1,0.8,10.2,0.0,0.0,-1.7,
317,Nicolas Batum,LAC,34,78,44,34,21.9,6.1,2.1,4.9,42.0,1.6,4.1,39.1,0.4,0.6,70.8,0.8,3.0,3.8,1.6,0.6,0.7,0.6,1.9,16.2,0.0,0.0,2.1,"$19,700,319"
318,Oshae Brissett,IND,25,65,27,38,16.7,6.1,1.9,4.9,38.6,0.7,2.4,31.0,1.6,2.2,71.7,1.0,2.4,3.4,0.7,0.5,0.5,0.2,1.2,12.8,1.0,0.0,0.3,"$1,846,738"
319,Sandro Mamukelashvili,SAS,24,43,23,20,15.3,6.1,2.3,5.3,42.2,0.7,2.3,30.3,0.9,1.3,68.4,1.6,2.7,4.3,1.4,0.8,0.3,0.3,1.2,14.4,2.0,0.0,-2.7,"$1,116,112"
320,Evan Fournier,NYK,30,27,15,12,17.0,6.1,2.1,6.1,33.7,1.3,4.2,30.7,0.7,0.8,85.7,0.1,1.7,1.8,1.3,0.8,0.6,0.1,1.7,11.6,0.0,0.0,-2.0,"$18,000,000"
321,Mike Muscala,BOS,31,63,32,31,15.0,6.1,2.1,4.6,44.9,1.3,3.3,39.1,0.6,0.8,76.9,0.6,2.6,3.2,0.8,0.4,0.2,0.4,1.6,12.6,0.0,0.0,3.2,"$3,500,000"
322,Saben Lee,PHX,24,25,15,10,14.9,6.0,2.0,4.8,40.5,0.4,1.2,36.7,1.7,2.3,73.7,0.5,1.3,1.8,2.7,1.0,0.8,0.0,1.3,13.7,1.0,0.0,-1.2,"$2,266,640"
323,Robert Covington,LAC,32,48,20,28,16.2,6.0,2.1,4.8,44.5,1.1,2.8,39.7,0.6,0.8,75.0,0.6,2.8,3.5,1.2,0.7,0.8,0.7,1.8,15.7,0.0,0.0,-0.1,"$12,307,692"
324,Andre Drummond,CHI,29,67,32,35,12.7,6.0,2.5,4.1,60.6,0.0,0.0,0.0,1.0,1.9,53.6,2.1,4.6,6.6,0.5,1.1,0.7,0.4,1.7,16.8,8.0,0.0,0.4,"$3,200,000"
325,Maxi Kleber,DAL,31,37,18,19,25.1,5.9,2.1,4.6,45.6,1.1,3.0,34.8,0.7,1.0,71.1,0.8,2.8,3.6,1.4,0.7,0.3,0.8,2.3,15.1,0.0,0.0,-1.2,"$9,000,000"
326,Jaylin Williams,OKC,21,49,23,26,18.7,5.9,2.1,4.8,43.6,0.9,2.3,40.7,0.8,1.1,70.4,0.9,4.0,4.9,1.6,0.8,0.6,0.2,2.3,15.8,0.0,0.0,-1.8,"$2,000,000"
327,Johnny Davis,WAS,21,28,10,18,15.1,5.8,2.4,6.1,38.6,0.6,2.5,24.3,0.5,1.0,51.9,0.4,2.0,2.3,1.0,0.6,0.4,0.3,1.7,11.4,0.0,0.0,-1.9,"$4,810,320"
328,Josh Christopher,HOU,21,64,16,48,12.3,5.8,2.4,5.1,46.5,0.3,1.4,23.6,0.7,0.9,75.0,0.3,0.8,1.1,1.1,0.9,0.5,0.2,0.9,10.2,0.0,0.0,-3.5,"$2,372,160"
329,Stanley Johnson,SAS,27,30,5,25,15.6,5.8,2.2,4.1,53.3,0.6,1.3,45.0,0.9,1.3,66.7,0.7,2.4,3.2,2.2,1.1,0.5,0.2,1.6,14.1,0.0,0.0,-3.1,"$4,022,164"
330,Rodney McGruder,DET,31,32,4,28,16.4,5.7,1.9,4.8,40.8,1.3,3.0,42.3,0.6,0.7,81.8,0.6,1.7,2.3,0.9,0.3,0.5,0.0,1.2,11.1,0.0,0.0,-1.4,"$2,298,385"
331,Charles Bassey,SAS,22,35,9,26,14.5,5.7,2.5,3.9,64.4,0.1,0.2,37.5,0.6,1.1,59.5,2.1,3.4,5.5,1.4,1.2,0.5,0.9,2.1,17.4,0.0,0.0,-0.9,"$2,674,742"
332,Ziaire Williams,MEM,21,37,21,16,15.2,5.7,2.3,5.3,42.9,0.7,2.6,25.8,0.5,0.6,77.3,0.4,1.7,2.1,0.9,1.0,0.4,0.2,1.6,10.3,0.0,0.0,-2.1,"$4,591,680"
333,Jalen Johnson,ATL,21,70,35,35,14.9,5.6,2.3,4.6,49.1,0.4,1.5,28.8,0.7,1.1,62.8,0.7,3.3,4.0,1.2,0.6,0.5,0.5,1.6,14.8,1.0,0.0,-0.1,"$2,792,640"
334,Derrick Rose,NYK,34,27,12,15,12.5,5.6,2.3,5.9,38.4,0.7,2.3,30.2,0.4,0.4,91.7,0.3,1.2,1.5,1.7,0.8,0.3,0.2,0.7,10.5,0.0,0.0,-1.1,"$14,520,730"
335,Davion Mitchell,SAC,24,80,47,33,18.1,5.6,2.3,5.0,45.4,0.8,2.5,32.0,0.3,0.4,80.6,0.2,1.1,1.3,2.3,0.8,0.6,0.2,1.4,12.1,0.0,0.0,0.0,"$4,833,600"
336,Payton Pritchard,BOS,25,48,32,16,13.4,5.6,2.1,5.1,41.2,1.2,3.2,36.4,0.3,0.3,75.0,0.5,1.3,1.8,1.3,0.8,0.3,0.0,0.8,9.9,1.0,1.0,0.3,"$2,239,200"
337,James Bouknight,CHA,22,34,9,25,15.2,5.6,2.0,5.7,35.8,1.0,3.2,30.3,0.6,0.9,66.7,0.2,1.9,2.1,1.2,0.9,0.4,0.1,1.4,10.7,0.0,0.0,-2.9,"$4,362,240"
338,Montrezl Harrell,PHI,29,57,35,22,11.9,5.6,2.2,3.7,59.8,0.0,0.1,0.0,1.2,1.8,69.3,1.2,1.6,2.8,0.6,0.6,0.3,0.4,1.3,11.4,1.0,0.0,0.3,"$2,463,490"
339,Alex Caruso,CHI,29,67,33,34,23.5,5.6,1.9,4.3,45.5,0.8,2.3,36.4,0.9,1.1,80.8,0.6,2.3,2.9,2.9,1.1,1.5,0.7,2.4,18.7,1.0,0.0,3.0,"$9,030,000"
340,Yuta Watanabe,BKN,28,58,30,28,16.0,5.6,2.0,4.0,49.1,1.0,2.3,44.4,0.6,0.8,72.3,0.5,1.9,2.4,0.8,0.4,0.4,0.3,1.4,11.5,0.0,0.0,-0.1,"$1,968,175"
341,Danny Green,CLE,36,11,6,5,12.6,5.5,2.0,4.5,44.9,1.5,3.4,43.2,0.1,0.1,100,0.3,1.0,1.3,0.5,0.9,0.5,0.3,1.5,9.4,0.0,0.0,-1.5,"$11,710,528"
342,Jarrell Brantley,UTA,27,4,0,4,9.7,5.5,2.0,3.5,57.1,1.0,2.3,44.4,0.5,0.5,100,0.3,1.3,1.5,0.8,0.5,0.0,0.5,0.8,9.4,0.0,0.0,3.8,"$105,522"
343,Otto Porter Jr.,TOR,30,8,4,4,18.3,5.5,1.9,3.8,50.0,0.8,2.1,35.3,1.0,1.0,100,0.8,1.6,2.4,1.0,0.5,1.4,0.0,0.9,13.5,0.0,0.0,-2.6,
344,Wenyen Gabriel,LAL,26,68,37,31,15.1,5.5,2.3,3.8,59.6,0.1,0.5,27.8,0.8,1.2,61.9,1.7,2.5,4.2,0.5,0.7,0.4,0.5,2.1,13.3,0.0,0.0,-0.5,"$1,878,720"
345,Nikola Jovic,MIA,20,15,7,8,13.6,5.5,1.9,4.6,40.6,0.5,2.3,22.9,1.2,1.3,94.7,0.6,1.5,2.1,0.7,0.7,0.5,0.1,1.3,10.1,0.0,0.0,-1.1,"$2,239,920"
346,Jamal Cain,MIA,24,18,10,8,13.3,5.4,2.1,3.7,56.1,0.4,1.1,35.0,0.9,1.2,77.3,0.8,2.1,2.9,0.7,0.3,0.6,0.1,1.2,11.6,0.0,0.0,1.2,"$508,891"
347,Bryce McGowens,CHA,20,46,16,30,17.1,5.3,1.7,4.4,39.6,0.6,1.7,32.5,1.3,1.7,75.0,0.4,1.6,2.0,1.2,0.9,0.3,0.1,1.0,10.0,0.0,0.0,-3.3,"$1,461,055"
348,Lamar Stevens,CLE,25,62,39,23,18.1,5.3,2.1,4.6,44.8,0.5,1.5,31.6,0.6,0.9,70.2,0.8,2.6,3.3,0.5,0.4,0.4,0.3,1.3,11.9,1.0,0.0,0.1,"$1,782,621"
349,Dewayne Dedmon,PHI,33,38,23,15,11.2,5.2,2.0,4.0,51.0,0.3,1.0,30.8,0.9,1.3,67.3,0.9,2.6,3.5,0.7,0.7,0.2,0.5,2.0,12.0,0.0,0.0,-3.3,"$8,283,688"
350,Rudy Gay,UTA,36,56,29,27,14.6,5.2,1.9,5.1,37.8,0.6,2.3,25.2,0.8,0.9,85.7,0.6,2.3,2.9,1.0,0.7,0.3,0.3,1.2,11.6,0.0,0.0,1.0,"$6,184,500"
351,Zeke Nnaji,DEN,22,53,34,19,13.7,5.2,2.1,3.7,56.1,0.3,1.2,26.2,0.8,1.2,64.5,1.2,1.4,2.6,0.3,0.6,0.3,0.4,2.0,10.5,1.0,0.0,-1.8,"$2,617,800"
352,Lindy Waters III,OKC,25,41,20,21,12.9,5.2,1.7,4.3,39.3,1.4,4.0,35.8,0.4,0.5,80.0,0.4,1.4,1.8,0.7,0.2,0.3,0.3,1.0,10.0,0.0,0.0,3.3,"$2,316,876"
353,Darius Bazley,PHX,23,43,19,24,14.3,5.2,1.9,4.3,45.4,0.5,1.2,37.7,0.9,1.6,54.3,0.8,2.4,3.2,0.9,0.6,0.5,0.8,1.0,13.7,0.0,0.0,-1.6,"$4,264,628"
354,Ricky Rubio,CLE,32,33,23,10,17.2,5.2,1.8,5.4,34.3,0.6,2.5,25.6,0.8,1.1,80.0,0.3,1.8,2.1,3.5,0.9,0.8,0.2,1.5,14.9,0.0,0.0,1.4,"$5,853,659"
355,Javonte Green,CHI,29,32,13,19,15.0,5.2,1.9,3.4,56.5,0.4,1.1,37.1,0.9,1.4,66.7,0.8,1.9,2.8,0.7,0.6,0.8,0.7,1.6,13.1,0.0,0.0,1.5,"$1,815,677"
356,MarJon Beauchamp,MIL,22,52,34,18,13.5,5.1,1.8,4.7,39.5,0.9,2.7,33.1,0.5,0.7,73.0,0.7,1.5,2.2,0.7,0.9,0.4,0.1,1.3,9.5,0.0,0.0,-1.9,"$2,485,200"
357,DeAndre Jordan,DEN,34,39,23,16,15.0,5.1,2.3,2.9,76.5,0.0,0.0,100,0.6,1.2,45.8,1.3,3.8,5.2,0.9,1.2,0.3,0.6,1.8,14.1,2.0,0.0,-3.1,"$10,733,758"
358,John Konchar,MEM,27,72,45,27,20.7,5.1,1.9,4.4,43.1,0.8,2.5,33.9,0.4,0.5,77.8,0.9,3.4,4.3,1.4,0.5,1.1,0.3,1.6,16.0,2.0,0.0,2.9,"$2,300,000"
359,George Hill,IND,37,46,27,19,18.1,5.0,1.7,3.6,47.0,0.7,2.1,35.8,0.9,1.2,76.4,0.3,1.5,1.8,2.4,0.7,0.6,0.1,1.2,12.2,0.0,0.0,0.9,"$4,000,000"
360,Cody Martin,CHA,27,7,2,5,19.1,5.0,2.0,5.1,38.9,0.4,2.0,21.4,0.6,1.0,57.1,1.1,2.3,3.4,1.6,0.3,0.6,0.1,1.9,13.3,0.0,0.0,-3.7,"$7,000,000"
361,Jonathan Isaac,ORL,25,11,8,3,11.3,5.0,2.0,4.8,41.5,0.5,1.4,40.0,0.5,0.8,55.6,1.4,2.6,4.0,0.5,0.4,1.3,0.4,0.5,15.2,0.0,0.0,-1.7,"$17,400,000"
362,Kenneth Lofton Jr.,MEM,20,24,15,9,7.3,5.0,2.0,3.9,52.7,0.3,0.7,35.3,0.7,1.1,59.3,0.8,1.3,2.1,0.8,0.5,0.2,0.1,1.2,9.2,1.0,0.0,-2.0,
363,Sam Merrill,CLE,27,5,4,1,11.7,5.0,1.8,4.4,40.9,1.0,3.6,27.8,0.4,0.4,100,0.0,1.8,1.8,1.0,0.0,0.8,0.0,0.6,11.1,0.0,0.0,-1.0,"$1,105,522"
364,Derrick Jones Jr.,CHI,26,64,29,35,14.0,5.0,1.8,3.6,50.0,0.4,1.3,33.8,1.0,1.3,73.8,0.9,1.5,2.4,0.5,0.4,0.5,0.6,1.3,11.4,0.0,0.0,1.9,
365,Blake Wesley,SAS,20,37,9,28,18.1,5.0,1.9,5.8,32.1,0.5,1.4,38.5,0.7,1.2,59.1,0.3,1.9,2.2,2.6,1.8,0.7,0.1,1.8,12.3,0.0,0.0,-5.4,"$2,385,480"
366,Jaxson Hayes,NOP,23,47,22,25,13.0,5.0,1.8,3.3,55.1,0.1,0.6,10.3,1.2,1.8,69.9,0.8,2.0,2.8,0.7,0.7,0.4,0.4,1.4,11.2,0.0,0.0,-1.5,"$6,803,012"
367,Isaiah Hartenstein,NYK,25,82,47,35,19.9,5.0,2.1,4.0,53.5,0.1,0.5,21.6,0.6,0.9,67.6,2.5,4.0,6.5,1.2,0.8,0.6,0.8,2.6,18.1,2.0,0.0,1.8,"$8,854,879"
368,Vlatko Cancar,DEN,26,60,38,22,14.8,5.0,1.8,3.8,47.6,0.7,1.9,37.4,0.6,0.7,92.7,0.4,1.7,2.1,1.3,0.6,0.4,0.2,1.4,10.7,1.0,0.0,-1.1,"$2,234,359"
369,Ousmane Dieng,OKC,20,39,20,19,14.6,4.9,1.9,4.6,42.0,0.7,2.5,26.5,0.4,0.6,65.2,0.5,2.2,2.7,1.2,0.7,0.4,0.2,1.1,10.9,0.0,0.0,1.0,"$4,569,840"
370,Austin Rivers,MIN,30,52,25,27,19.5,4.9,1.8,4.0,43.5,0.8,2.4,35.0,0.6,0.8,76.9,0.1,1.5,1.6,1.4,0.4,0.5,0.1,1.5,10.4,0.0,0.0,-2.7,"$2,905,851"
371,Chimezie Metu,SAC,26,66,41,25,10.4,4.9,2.0,3.3,58.9,0.1,0.6,23.7,0.8,1.1,74.0,0.7,2.3,3.0,0.6,0.5,0.3,0.3,1.2,10.8,0.0,0.0,1.3,"$1,910,860"
372,Johnny Juzang,UTA,22,18,6,12,12.9,4.8,1.9,5.8,33.7,0.8,3.5,23.8,0.1,0.2,50.0,0.4,1.7,2.2,0.4,0.2,0.2,0.2,0.7,9.1,0.0,0.0,-4.8,"$508,891"
373,Moses Moody,GSW,21,63,37,26,13.0,4.8,1.7,3.6,47.6,0.8,2.1,36.3,0.6,0.8,69.8,0.4,1.2,1.7,0.8,0.5,0.3,0.1,0.9,8.7,0.0,0.0,-0.1,"$3,740,160"
374,Danuel House Jr.,PHI,30,56,38,18,14.4,4.8,1.7,3.5,47.2,0.7,2.0,33.6,0.8,1.1,75.0,0.2,1.5,1.7,0.8,0.5,0.3,0.2,1.2,8.7,0.0,0.0,-0.3,
375,Meyers Leonard,MIL,31,9,6,3,12.6,4.8,1.6,3.2,48.3,0.8,2.0,38.9,0.9,1.0,88.9,1.3,2.4,3.8,0.1,0.7,0.2,0.0,1.8,9.5,1.0,0.0,-3.0,"$713,558"
376,Garrison Mathews,ATL,26,54,16,38,12.7,4.8,1.4,3.7,36.3,1.2,3.3,35.0,0.9,1.0,90.6,0.2,1.1,1.4,0.5,0.4,0.4,0.1,1.1,8.4,0.0,0.0,-1.6,"$2,000,000"
377,Chuma Okeke,ORL,24,27,8,19,19.2,4.7,1.6,4.5,35.2,1.0,3.2,30.2,0.6,0.8,76.2,1.0,2.6,3.6,1.4,0.6,0.7,0.4,1.5,13.8,0.0,0.0,-4.4,"$3,433,320"
378,Christian Braun,DEN,22,76,49,27,15.5,4.7,1.9,3.8,49.5,0.4,1.3,35.4,0.5,0.8,62.5,0.6,1.8,2.4,0.8,0.5,0.5,0.2,1.3,10.6,0.0,0.0,-1.5,"$2,808,600"
379,Day'Ron Sharpe,BKN,21,48,22,26,11.5,4.7,1.9,3.6,54.4,0.1,0.2,54.5,0.7,1.1,63.6,2.1,2.1,4.2,0.8,0.9,0.3,0.7,1.9,12.9,2.0,0.0,-2.1,"$2,109,480"
380,Keon Johnson,POR,21,40,13,27,10.4,4.7,1.7,4.5,37.6,0.7,2.0,34.6,0.7,1.0,65.9,0.3,0.8,1.1,1.5,1.1,0.5,0.2,1.1,9.1,0.0,0.0,-3.8,"$2,681,040"
381,Dean Wade,CLE,26,44,30,14,20.3,4.7,1.7,4.0,41.2,1.0,2.9,35.4,0.3,0.5,65.2,0.5,3.0,3.4,0.8,0.4,0.6,0.5,2.0,13.0,0.0,0.0,2.5,"$1,930,681"
382,TyTy Washington Jr.,HOU,21,31,6,25,14.0,4.7,1.9,5.2,36.3,0.6,2.6,23.8,0.3,0.6,55.6,0.1,1.4,1.5,1.5,0.5,0.5,0.1,0.9,9.9,0.0,0.0,-1.5,
383,Malachi Flynn,TOR,25,53,29,24,13.0,4.6,1.6,4.6,36.0,0.9,2.5,35.3,0.5,0.6,75.8,0.3,1.2,1.4,1.3,0.5,0.4,0.1,1.2,9.3,0.0,0.0,-0.8,"$2,145,720"
384,Gary Payton II,GSW,30,22,13,9,16.7,4.6,1.9,3.1,59.4,0.6,1.2,50.0,0.3,0.3,85.7,1.1,2.0,3.1,1.4,0.7,1.0,0.2,2.0,13.4,0.0,0.0,1.8,"$8,300,000"
385,Dalano Banton,TOR,23,31,17,14,9.0,4.6,1.8,4.2,42.3,0.5,1.6,29.4,0.5,0.8,70.8,0.4,1.1,1.5,1.2,0.6,0.4,0.4,1.1,10.0,0.0,0.0,-1.1,"$1,563,518"
386,Davis Bertans,DAL,30,45,20,25,10.9,4.6,1.5,3.6,43.1,1.2,3.1,39.0,0.3,0.3,86.7,0.2,1.0,1.2,0.5,0.2,0.2,0.2,1.2,7.7,0.0,0.0,-0.8,"$16,000,000"
387,Kira Lewis Jr.,NOP,22,25,11,14,9.4,4.6,1.6,3.5,45.5,0.6,1.4,44.1,0.8,0.9,86.4,0.2,1.1,1.3,0.9,0.4,0.4,0.1,1.0,8.6,0.0,0.0,2.5,
388,Justin Holiday,DAL,34,46,18,28,15.4,4.5,1.7,4.4,37.7,1.0,3.1,32.2,0.1,0.2,62.5,0.1,1.1,1.2,0.9,0.5,0.4,0.4,1.5,9.2,0.0,0.0,-2.8,"$5,987,975"
389,Omer Yurtseven,MIA,25,9,5,4,9.2,4.4,1.8,3.0,59.3,0.3,0.8,42.9,0.6,0.7,83.3,0.9,1.7,2.6,0.2,0.4,0.2,0.2,1.8,8.7,0.0,0.0,1.1,"$1,752,638"
390,Thaddeus Young,TOR,35,54,23,31,14.7,4.4,2.0,3.7,54.5,0.1,0.6,17.6,0.3,0.5,69.2,1.3,1.8,3.1,1.4,0.8,1.0,0.1,1.6,12.7,0.0,0.0,-1.7,"$8,000,000"
391,JaVale McGee,DAL,35,42,20,22,8.4,4.4,1.9,3.0,64.0,0.0,0.1,40.0,0.6,1.0,58.5,0.7,1.8,2.5,0.3,0.9,0.1,0.6,1.3,9.2,0.0,0.0,-1.4,"$5,461,219"
392,AJ Green,MIL,23,35,27,8,9.9,4.4,1.5,3.6,42.4,1.3,3.0,41.9,0.1,0.1,100,0.2,1.1,1.3,0.6,0.3,0.2,0.0,0.9,7.1,0.0,0.0,-0.7,"$508,891"
393,Jarrett Culver,ATL,24,10,5,5,13.7,4.4,1.7,4.3,39.5,0.1,1.2,8.3,0.9,1.3,69.2,1.0,2.8,3.8,0.6,0.7,0.6,0.2,1.4,11.6,0.0,0.0,-1.9,"$260,295"
394,Goga Bitadze,ORL,23,38,13,25,12.0,4.4,1.8,3.3,55.2,0.2,0.7,23.1,0.6,1.1,54.8,1.6,2.0,3.6,1.0,0.6,0.4,0.7,1.7,13.0,2.0,0.0,0.7,"$5,377,520"
395,Haywood Highsmith,MIA,26,54,28,26,18.0,4.4,1.7,4.0,43.1,0.7,2.0,33.9,0.2,0.5,46.4,1.1,2.4,3.5,0.8,0.8,0.7,0.3,1.5,11.9,2.0,0.0,-1.9,"$1,752,638"
396,Bismack Biyombo,PHX,30,61,33,28,14.3,4.3,2.0,3.4,57.8,0.0,0.0,0.0,0.4,1.1,35.7,1.5,2.8,4.3,0.9,0.8,0.3,1.4,1.9,15.2,3.0,0.0,0.8,"$2,905,851"
397,Moses Brown,BKN,23,36,17,19,8.2,4.3,1.7,2.7,63.5,0.0,0.0,0.0,0.9,2.0,45.8,1.6,2.3,3.9,0.1,0.4,0.1,0.4,1.1,10.2,3.0,0.0,0.8,"$824,041"
398,Justin Minaya,POR,24,4,0,4,22.2,4.3,1.8,5.8,30.4,0.8,3.0,25.0,0.0,0.3,0.0,0.8,3.0,3.8,1.0,1.0,0.5,1.3,2.3,14.5,0.0,0.0,-5.0,"$35,096"
399,Michael Carter-Williams,ORL,31,4,1,3,11.1,4.3,1.5,3.5,42.9,0.3,0.8,33.3,1.0,1.8,57.1,0.3,1.0,1.3,1.8,1.0,0.3,0.3,1.3,8.9,0.0,0.0,-6.5,"$652,829"
400,Xavier Sneed,CHA,25,4,0,4,12.1,4.3,1.3,2.5,50.0,0.8,1.5,50.0,1.0,1.0,100,0.0,1.3,1.3,1.3,0.8,0.0,0.3,1.8,7.6,0.0,0.0,-7.0,"$102,910"
401,McKinley Wright IV,DAL,24,27,14,13,12.4,4.2,1.7,3.6,46.9,0.3,1.0,32.1,0.5,0.7,68.4,0.3,1.4,1.7,2.1,0.7,0.3,0.2,0.9,10.3,0.0,0.0,-4.1,
402,Admiral Schofield,ORL,26,37,14,23,12.2,4.2,1.5,3.3,45.1,0.6,2.0,32.4,0.6,0.6,91.3,0.6,1.1,1.7,0.8,0.4,0.2,0.1,1.6,8.1,0.0,0.0,-2.1,"$877,940"
403,Ish Wainright,PHX,28,60,33,27,15.3,4.2,1.4,3.8,37.0,1.0,2.9,32.9,0.4,0.5,83.9,0.8,1.6,2.3,0.9,0.4,0.6,0.4,2.0,10.9,0.0,0.0,1.5,
404,Paul Reed,PHI,24,69,44,25,10.9,4.2,1.8,3.0,59.3,0.0,0.1,16.7,0.6,0.7,74.5,1.6,2.2,3.8,0.4,0.7,0.7,0.7,1.8,12.8,5.0,0.0,-0.2,"$1,782,621"
405,Kevon Harris,ORL,26,34,12,22,13.4,4.1,1.4,3.1,43.9,0.5,1.3,37.2,0.9,1.2,75.6,0.8,1.2,2.1,0.5,0.6,0.5,0.1,1.6,8.6,0.0,0.0,0.0,"$508,891"
406,Blake Griffin,BOS,34,41,27,14,13.9,4.1,1.5,3.2,48.5,0.6,1.6,34.8,0.5,0.8,65.6,1.1,2.6,3.8,1.5,0.5,0.3,0.2,1.8,12.1,0.0,0.0,2.6,"$2,905,851"
407,Matisse Thybulle,POR,26,71,38,33,16.9,4.1,1.5,3.6,43.5,0.8,2.1,36.5,0.3,0.4,67.9,0.6,1.4,2.0,0.7,0.3,1.2,0.5,1.6,12.1,0.0,0.0,-0.2,"$4,379,526"
408,Serge Ibaka,MIL,33,16,11,5,11.6,4.1,1.6,3.4,48.1,0.4,1.1,33.3,0.5,0.8,61.5,0.9,1.8,2.8,0.3,0.7,0.1,0.4,1.4,8.8,0.0,0.0,-1.6,"$2,905,851"
409,Isaiah Roby,NYK,25,42,9,33,11.3,4.1,1.6,3.7,43.2,0.4,1.4,30.0,0.5,1.0,48.8,0.5,2.1,2.6,0.9,0.7,0.4,0.2,1.3,9.6,0.0,0.0,-2.6,"$2,330,681"
410,Olivier Sarr,OKC,24,9,5,4,12.6,4.0,1.7,3.3,50.0,0.1,0.9,12.5,0.6,0.8,71.4,1.3,2.1,3.4,0.4,0.4,0.1,0.6,1.9,10.4,1.0,0.0,1.6,"$257,371"
411,Daishen Nix,HOU,21,57,15,42,16.0,4.0,1.4,4.2,34.2,0.7,2.5,28.6,0.4,0.6,66.7,0.3,1.4,1.7,2.3,1.5,0.5,0.1,1.0,10.0,0.0,0.0,-2.6,"$1,563,518"
412,Patrick Baldwin Jr.,GSW,20,31,15,16,7.3,3.9,1.4,3.5,39.4,1.0,2.7,38.1,0.1,0.2,66.7,0.0,1.3,1.3,0.4,0.4,0.2,0.1,0.5,6.6,0.0,0.0,-1.6,
413,Dominick Barlow,SAS,20,28,5,23,14.6,3.9,1.6,3.1,53.5,0.0,0.1,0.0,0.6,0.9,72.0,1.6,2.0,3.6,0.9,0.5,0.4,0.7,2.0,12.2,2.0,0.0,-3.9,"$508,891"
414,Bruno Fernando,ATL,24,39,13,26,10.4,3.9,1.5,2.9,52.7,0.0,0.1,0.0,0.9,1.3,70.0,1.4,2.1,3.5,0.8,0.6,0.2,0.9,1.9,11.8,1.0,0.0,-1.9,"$2,717,391"
415,Aaron Holiday,ATL,26,63,32,31,13.4,3.9,1.5,3.5,41.8,0.6,1.4,40.9,0.4,0.5,84.4,0.4,0.8,1.2,1.4,0.6,0.6,0.2,1.3,9.2,0.0,0.0,0.3,"$1,968,175"
416,Gorgui Dieng,SAS,33,31,3,28,11.6,3.9,1.5,3.8,38.5,0.7,2.4,28.0,0.3,0.4,76.9,0.9,2.6,3.5,1.7,1.0,0.1,0.5,1.8,11.3,2.0,0.0,-4.9,"$4,105,236"
417,Jabari Walker,POR,20,56,21,35,11.1,3.9,1.5,3.5,41.9,0.3,1.0,28.6,0.6,0.8,75.6,0.9,1.5,2.3,0.6,0.5,0.2,0.2,1.2,8.3,0.0,0.0,-2.1,"$1,017,781"
418,Udonis Haslem,MIA,43,7,4,3,10.3,3.9,1.4,4.1,34.5,0.4,1.3,33.3,0.6,0.7,80.0,0.6,1.0,1.6,0.0,0.1,0.1,0.3,1.6,6.9,0.0,0.0,-3.6,"$2,905,851"
419,Dyson Daniels,NOP,20,59,33,26,17.7,3.8,1.5,3.5,41.8,0.5,1.5,31.4,0.4,0.7,65.0,0.6,2.6,3.2,2.3,1.0,0.7,0.2,1.7,12.9,0.0,0.0,-0.1,"$5,508,600"
420,Xavier Cooks,WAS,27,10,2,8,12.6,3.8,1.7,2.8,60.7,0.0,0.1,0.0,0.4,1.0,40.0,1.6,2.2,3.8,0.6,0.8,0.6,0.4,1.3,11.5,1.0,0.0,1.9,"$140,384"
421,JT Thor,CHA,20,69,22,47,14.0,3.8,1.4,3.4,39.9,0.6,1.8,31.7,0.5,0.7,70.2,0.5,1.7,2.2,0.5,0.6,0.3,0.3,1.0,8.5,0.0,0.0,-2.4,"$1,563,518"
422,Caleb Houstan,ORL,20,51,20,31,15.9,3.8,1.3,3.6,36.3,0.9,2.7,33.8,0.3,0.4,83.3,0.7,1.3,1.9,0.6,0.4,0.2,0.1,1.2,7.8,0.0,0.0,-1.6,"$2,000,000"
423,Furkan Korkmaz,PHI,25,37,24,13,9.6,3.8,1.3,3.0,43.2,0.5,1.2,39.1,0.7,1.0,72.2,0.2,1.0,1.1,0.6,0.6,0.3,0.1,0.5,6.4,0.0,0.0,0.1,"$5,000,000"
424,Luke Kornet,BOS,27,69,45,24,11.7,3.8,1.6,2.5,66.5,0.0,0.2,23.1,0.5,0.6,82.1,1.2,1.6,2.9,0.8,0.4,0.2,0.7,1.2,10.5,0.0,0.0,0.9,"$2,133,278"
425,Markieff Morris,DAL,33,35,17,18,10.1,3.8,1.3,3.3,40.9,0.8,2.0,39.4,0.3,0.3,100,0.4,1.7,2.0,0.9,0.5,0.3,0.1,1.4,8.2,1.0,0.0,0.3,"$2,905,851"
426,Darius Days,HOU,23,4,0,4,6.2,3.8,1.3,3.0,41.7,0.8,2.5,30.0,0.5,0.5,100,0.3,1.3,1.5,0.3,0.0,0.0,0.3,0.5,6.7,0.0,0.0,0.3,"$508,891"
427,Jordan McLaughlin,MIN,27,43,22,21,15.8,3.7,1.4,3.4,42.1,0.6,1.8,30.8,0.3,0.4,83.3,0.3,1.1,1.4,3.4,0.8,0.7,0.1,0.7,12.4,0.0,0.0,2.0,"$2,160,000"
428,Orlando Robinson,MIA,22,31,18,13,13.7,3.7,1.5,2.9,52.8,0.0,0.2,0.0,0.7,1.0,71.0,1.5,2.5,4.1,0.8,0.5,0.4,0.4,1.7,11.6,0.0,0.0,0.9,"$386,055"
429,A.J. Lawson,DAL,22,15,5,10,7.2,3.7,1.5,2.9,50.0,0.7,1.7,40.0,0.1,0.5,25.0,0.4,1.0,1.4,0.1,0.2,0.1,0.0,0.7,5.8,0.0,0.0,-3.1,
430,David Duke Jr.,BKN,23,23,10,13,9.9,3.7,1.6,3.4,46.2,0.0,0.5,8.3,0.5,0.7,70.6,0.5,0.8,1.3,0.9,0.8,0.4,0.0,1.3,7.2,0.0,0.0,-1.5,
431,Nathan Knight,MIN,25,38,19,19,7.7,3.7,1.2,2.1,56.8,0.2,0.6,36.4,1.0,1.5,68.4,0.6,0.9,1.5,0.3,0.6,0.3,0.2,1.1,6.7,0.0,0.0,-0.2,"$1,836,090"
432,Matt Ryan,MIN,26,34,15,19,9.1,3.6,1.2,3.2,37.0,0.9,2.5,38.1,0.3,0.4,83.3,0.1,0.6,0.8,0.5,0.2,0.1,0.0,0.8,5.5,0.0,0.0,0.6,"$806,097"
433,Bryn Forbes,MIN,29,25,9,16,10.7,3.6,1.2,3.3,36.1,0.6,1.8,30.4,0.6,0.6,100,0.2,0.4,0.6,0.7,0.5,0.3,0.1,0.9,5.9,0.0,0.0,-1.9,"$2,298,385"
434,P.J. Tucker,PHI,38,75,48,27,25.6,3.5,1.3,3.0,42.7,0.7,1.9,39.3,0.3,0.3,82.6,1.3,2.7,3.9,0.8,0.6,0.5,0.2,2.4,11.0,0.0,0.0,1.8,
435,Udoka Azubuike,UTA,23,36,17,19,10.0,3.5,1.6,2.0,81.9,0.0,0.0,0.0,0.2,0.6,35.0,0.9,2.4,3.3,0.3,0.5,0.2,0.4,0.9,9.1,0.0,0.0,-2.3,"$2,174,880"
436,Miles McBride,NYK,22,64,36,28,11.9,3.5,1.2,3.4,35.8,0.6,2.1,29.9,0.4,0.7,66.7,0.2,0.6,0.8,1.1,0.4,0.6,0.1,0.9,7.8,0.0,0.0,0.8,"$1,563,518"
437,Damian Jones,UTA,28,41,12,29,11.6,3.5,1.3,2.1,64.0,0.2,0.4,58.8,0.5,0.7,75.9,1.0,2.0,3.0,0.4,0.6,0.2,0.5,1.3,9.1,1.0,0.0,-2.0,"$2,298,385"
438,Wesley Matthews,MIL,36,52,37,15,15.8,3.4,1.1,3.1,36.3,0.8,2.4,31.5,0.5,0.5,85.7,0.7,1.5,2.2,0.7,0.3,0.4,0.3,1.4,8.6,0.0,0.0,1.0,"$2,905,851"
439,Amir Coffey,LAC,26,50,26,24,12.5,3.4,1.1,2.9,38.6,0.2,0.8,27.5,1.0,1.3,77.8,0.3,0.7,1.1,1.1,0.4,0.1,0.1,1.0,6.6,0.0,0.0,-2.3,"$3,395,062"
440,Micah Potter,UTA,25,7,4,3,7.5,3.4,1.4,2.1,66.7,0.6,1.0,57.1,0.0,0.0,0.0,0.4,1.9,2.3,0.6,0.3,0.1,0.0,0.7,7.2,1.0,0.0,-0.4,"$508,891"
441,Taj Gibson,WAS,38,49,21,28,9.8,3.4,1.3,2.6,52.0,0.2,0.5,33.3,0.6,0.9,71.4,0.7,1.2,1.9,0.7,0.5,0.3,0.2,1.7,7.9,0.0,0.0,-0.1,"$2,905,851"
442,Jericho Sims,NYK,24,52,31,21,15.6,3.4,1.6,2.1,77.6,0.0,0.0,0.0,0.2,0.3,75.0,1.9,2.8,4.7,0.5,0.5,0.3,0.5,1.8,11.7,2.0,0.0,-2.2,"$1,639,842"
443,Kai Jones,CHA,22,46,13,33,11.9,3.4,1.5,2.6,55.8,0.1,0.4,21.1,0.4,0.6,73.1,0.8,1.9,2.7,0.3,0.7,0.4,0.7,1.4,9.5,1.0,0.0,-0.7,"$2,909,040"
444,Anthony Gill,WAS,30,59,21,38,10.6,3.3,1.2,2.2,53.8,0.1,0.5,13.8,0.8,1.1,73.1,0.6,1.1,1.7,0.6,0.3,0.1,0.2,1.2,6.9,0.0,0.0,-0.2,"$1,836,090"
445,Boban Marjanovic,HOU,34,31,7,24,5.5,3.3,1.3,1.9,68.3,0.0,0.0,0.0,0.6,0.9,74.1,0.6,1.3,1.9,0.3,0.5,0.2,0.1,0.3,6.3,0.0,0.0,2.1,"$4,101,478"
446,Raul Neto,CLE,31,48,31,17,10.5,3.3,1.2,2.3,51.8,0.3,0.9,28.6,0.6,0.7,91.2,0.2,0.8,1.0,1.6,0.5,0.4,0.1,1.0,7.7,0.0,0.0,0.2,"$2,463,490"
447,Peyton Watson,DEN,20,23,13,10,8.1,3.3,1.3,2.6,49.2,0.3,0.6,42.9,0.5,0.9,55.0,0.3,1.3,1.6,0.5,0.3,0.1,0.5,0.6,7.3,0.0,0.0,-2.0,"$2,193,960"
448,Jared Rhoden,DET,23,14,2,12,14.1,3.2,1.2,3.1,38.6,0.4,1.4,25.0,0.4,0.4,100,0.8,1.9,2.6,0.3,0.2,0.3,0.1,1.6,7.7,0.0,0.0,1.5,"$307,089"
449,Christian Koloko,TOR,23,58,29,29,13.8,3.1,1.2,2.6,48.0,0.0,0.2,8.3,0.6,1.0,62.7,1.4,1.5,2.9,0.5,0.3,0.4,1.0,2.2,11.2,0.0,0.0,2.7,"$1,500,000"
450,Max Christie,LAL,20,41,19,22,12.5,3.1,1.1,2.6,41.5,0.6,1.5,41.9,0.3,0.4,87.5,0.2,1.7,1.8,0.5,0.3,0.2,0.2,0.8,6.9,0.0,0.0,-1.9,"$1,017,781"
451,Jordan Hall,SAS,21,9,1,8,9.2,3.1,1.0,3.1,32.1,0.3,1.7,20.0,0.8,1.0,77.8,0.3,1.0,1.3,1.2,0.8,0.1,0.0,0.7,6.1,0.0,0.0,-2.7,"$193,027"
452,Richaun Holmes,SAC,29,42,22,20,8.3,3.1,1.3,2.1,61.8,0.1,0.2,62.5,0.4,0.5,78.9,0.7,1.2,1.9,0.2,0.3,0.1,0.3,1.2,6.4,1.0,0.0,-1.6,"$11,215,260"
453,Josh Minott,MIN,20,15,7,8,6.4,3.1,1.2,2.4,50.0,0.1,0.4,33.3,0.5,0.5,100,0.3,1.3,1.7,0.3,0.2,0.3,0.4,0.7,7.4,1.0,0.0,1.6,"$1,017,781"
454,Robin Lopez,CLE,35,37,25,12,8.1,3.0,1.3,2.0,64.0,0.1,0.1,50.0,0.4,0.5,77.8,0.6,0.8,1.4,0.5,0.7,0.1,0.2,1.2,5.6,0.0,0.0,-1.6,"$2,905,851"
455,Jacob Gilyard,MEM,24,1,0,1,40.8,3.0,1.0,3.0,33.3,1.0,3.0,33.3,0.0,0.0,0.0,0.0,4.0,4.0,7.0,2.0,3.0,0.0,3.0,25.3,0.0,0.0,-13.0,"$5,849"
456,Jake LaRavia,MEM,21,35,22,13,11.8,3.0,1.1,2.7,38.9,0.7,2.0,33.8,0.2,0.3,77.8,0.5,1.3,1.8,0.6,0.5,0.3,0.1,1.4,6.9,0.0,0.0,-2.2,"$3,047,640"
457,Jamaree Bouyea,WAS,24,5,2,3,14.1,3.0,1.2,2.8,42.9,0.4,1.2,33.3,0.2,0.4,50.0,0.2,1.0,1.2,0.8,0.8,0.8,0.4,1.2,8.4,0.0,0.0,-3.4,"$116,986"
458,Trevelin Queen,IND,26,7,2,5,10.0,3.0,1.0,4.1,24.1,0.3,2.1,13.3,0.7,0.7,100,1.1,1.3,2.4,0.9,1.0,0.3,0.7,0.6,9.2,0.0,0.0,2.0,"$838,891"
459,Tyler Dorsey,DAL,27,3,2,1,2.8,3.0,1.3,1.7,80.0,0.3,0.7,50.0,0.0,0.0,0.0,0.3,0.3,0.7,0.0,0.0,0.0,0.0,0.0,3.8,0.0,0.0,0.7,"$201,802"
460,Usman Garuba,HOU,21,75,21,54,12.9,3.0,1.1,2.4,48.6,0.3,0.8,40.7,0.4,0.6,61.7,1.6,2.5,4.1,0.9,0.6,0.6,0.4,1.8,11.5,0.0,0.0,-3.4,"$2,471,160"
461,Juan Toscano-Anderson,UTA,30,52,19,33,13.5,3.0,1.2,2.8,44.8,0.2,0.8,18.6,0.4,0.5,79.2,0.5,1.8,2.4,1.3,0.7,0.3,0.2,1.5,8.6,0.0,0.0,-2.8,"$2,133,278"
462,Dru Smith,BKN,25,15,7,8,10.6,2.9,1.2,3.0,40.0,0.3,1.3,26.3,0.2,0.2,100,0.1,1.5,1.6,1.5,0.2,0.7,0.3,1.5,9.7,0.0,0.0,-1.9,"$374,357"
463,Jason Preston,LAC,23,14,4,10,8.8,2.9,1.3,2.9,43.9,0.4,1.3,27.8,0.0,0.1,0.0,0.1,1.4,1.6,1.9,0.7,0.1,0.0,0.5,7.4,0.0,0.0,-0.8,"$1,563,518"
464,Juancho Hernangomez,TOR,27,42,20,22,14.6,2.9,1.1,2.7,42.1,0.4,1.6,25.4,0.2,0.4,56.3,0.6,2.3,2.9,0.6,0.4,0.4,0.1,1.0,8.5,1.0,0.0,0.3,
465,Frank Ntilikina,DAL,24,47,20,27,12.9,2.9,1.0,2.8,36.4,0.4,1.4,25.4,0.5,0.7,66.7,0.1,1.2,1.3,1.2,0.6,0.3,0.1,1.4,7.2,0.0,0.0,0.7,"$2,036,318"
466,Terry Taylor,CHI,23,31,13,18,8.5,2.9,1.3,2.4,52.0,0.2,0.6,26.3,0.2,0.4,54.5,0.9,0.6,1.5,0.3,0.3,0.1,0.2,0.8,5.8,0.0,0.0,0.6,"$1,703,902"
467,Carlik Jones,CHI,25,7,4,3,8.0,2.9,0.9,2.1,40.0,0.4,0.9,50.0,0.7,1.1,62.5,0.1,0.6,0.7,0.9,0.3,0.3,0.0,0.3,5.6,0.0,0.0,3.7,"$612,162"
468,James Johnson,IND,36,18,7,11,9.0,2.8,1.2,2.7,44.9,0.2,0.8,20.0,0.2,0.4,50.0,0.2,1.4,1.7,0.8,0.4,0.4,0.3,1.8,7.8,0.0,0.0,-0.4,"$3,841,067"
469,Kessler Edwards,SAC,22,36,17,19,10.7,2.8,1.0,2.6,38.7,0.5,1.5,30.9,0.3,0.4,73.3,0.6,1.1,1.7,0.6,0.4,0.4,0.2,1.1,7.1,0.0,0.0,0.1,"$1,637,966"
470,Moussa Diabate,LAC,21,22,10,12,8.9,2.7,1.1,2.1,51.1,0.0,0.1,50.0,0.5,0.7,62.5,1.4,0.9,2.3,0.2,0.4,0.3,0.4,0.7,7.3,0.0,0.0,-1.0,"$508,891"
471,Jaden Springer,PHI,20,16,13,3,5.6,2.6,1.1,2.2,48.6,0.1,0.3,40.0,0.4,0.5,75.0,0.4,0.5,0.9,0.5,0.2,0.4,0.2,0.9,6.1,0.0,0.0,-0.2,"$2,125,200"
472,Mamadi Diakite,CLE,26,22,15,7,8.0,2.6,1.1,2.3,48.0,0.3,1.0,33.3,0.1,0.1,100,0.4,1.0,1.4,0.4,0.5,0.2,0.4,1.2,6.0,0.0,0.0,-0.4,"$508,891"
473,Isaiah Mobley,CLE,23,12,8,4,7.0,2.6,1.0,2.3,42.9,0.3,0.7,37.5,0.3,0.3,100,0.3,1.3,1.7,0.3,0.1,0.3,0.3,0.7,6.6,0.0,0.0,2.6,"$508,891"
474,Ish Smith,DEN,34,43,25,18,9.3,2.5,1.2,3.0,39.7,0.0,0.3,16.7,0.0,0.1,50.0,0.1,1.1,1.3,2.3,1.0,0.2,0.2,0.8,7.5,0.0,0.0,-0.8,
475,Lester Quinones,GSW,22,4,4,0,4.5,2.5,0.5,1.3,40.0,0.5,1.0,50.0,1.0,1.5,66.7,0.3,0.5,0.8,0.5,1.3,0.3,0.0,0.0,3.7,0.0,0.0,1.5,"$129,405"
476,Frank Kaminsky,HOU,30,36,13,23,6.5,2.5,0.9,1.8,49.2,0.4,0.9,39.4,0.4,0.4,87.5,0.2,1.3,1.4,0.9,0.3,0.2,0.1,0.6,6.1,0.0,0.0,-0.1,"$2,463,490"
477,Jeff Dowtin Jr.,TOR,26,25,17,8,10.3,2.4,1.0,2.3,43.9,0.2,0.6,31.3,0.2,0.4,66.7,0.2,0.7,0.9,1.2,0.2,0.4,0.1,0.5,6.6,0.0,0.0,-0.4,
478,Neemias Queta,SAC,23,5,1,4,5.7,2.4,1.2,1.8,66.7,0.0,0.0,0.0,0.0,0.4,0.0,1.0,1.2,2.2,0.2,0.2,0.0,0.4,1.4,6.3,0.0,0.0,-6.0,"$508,891"
479,Theo Pinson,DAL,27,40,19,21,8.1,2.4,0.8,2.2,35.6,0.6,1.6,35.5,0.3,0.3,84.6,0.3,1.3,1.6,1.2,0.3,0.2,0.0,0.9,6.2,1.0,1.0,-1.3,"$1,968,175"
480,John Butler Jr.,POR,20,19,4,15,11.6,2.4,0.9,2.8,32.1,0.4,1.8,22.9,0.2,0.2,75.0,0.2,0.7,0.9,0.6,0.1,0.4,0.5,1.2,6.8,0.0,0.0,-3.7,
481,Scotty Pippen Jr.,LAL,22,6,1,5,5.3,2.3,0.7,2.0,33.3,0.2,0.5,33.3,0.8,1.5,55.6,0.3,0.3,0.7,0.3,0.3,0.3,0.2,0.5,4.8,0.0,0.0,-0.2,
482,Trent Forrest,ATL,25,23,9,14,12.0,2.3,1.1,2.6,41.7,0.0,0.1,0.0,0.1,0.1,66.7,0.2,1.4,1.6,1.7,0.7,0.3,0.1,0.7,7.2,0.0,0.0,-2.5,"$508,891"
483,Dalen Terry,CHI,20,38,19,19,5.6,2.2,0.8,1.9,44.4,0.2,0.7,25.9,0.4,0.6,66.7,0.3,0.7,1.0,0.6,0.2,0.3,0.1,0.6,5.3,0.0,0.0,0.3,"$3,191,400"
484,Ron Harper Jr.,TOR,23,9,6,3,5.3,2.2,0.9,1.8,50.0,0.3,1.0,33.3,0.1,0.1,100,0.3,0.4,0.8,0.4,0.0,0.0,0.1,0.3,4.2,0.0,0.0,2.1,
485,Justin Champagnie,BOS,22,5,4,1,6.9,2.2,1.0,3.0,33.3,0.2,1.0,20.0,0.0,0.0,0.0,0.6,1.0,1.6,0.8,0.0,0.2,0.0,0.4,5.9,0.0,0.0,-0.8,"$853,241"
486,Kennedy Chandler,MEM,20,36,22,14,7.8,2.2,1.0,2.3,42.2,0.1,0.4,13.3,0.2,0.4,46.2,0.3,0.8,1.1,1.6,0.5,0.3,0.1,0.4,6.8,0.0,0.0,-1.1,"$1,200,000"
487,Khem Birch,SAS,30,20,9,11,8.1,2.2,1.0,1.6,59.4,0.1,0.1,50.0,0.2,0.3,80.0,0.4,0.9,1.3,0.4,0.4,0.3,0.3,1.2,5.3,0.0,0.0,0.3,"$6,667,500"
488,Andre Iguodala,GSW,39,8,3,5,14.1,2.1,0.9,1.9,46.7,0.1,1.1,11.1,0.3,0.4,66.7,0.4,1.8,2.1,2.4,1.1,0.5,0.4,1.4,9.7,0.0,0.0,4.4,"$2,905,851"
489,Davon Reed,LAL,28,43,29,14,8.0,2.1,0.7,2.0,33.3,0.4,1.1,37.0,0.4,0.6,66.7,0.2,1.1,1.4,0.5,0.5,0.3,0.1,0.9,5.4,0.0,0.0,-2.3,"$1,902,133"
490,Nerlens Noel,BKN,29,17,4,13,11.5,2.1,0.8,2.1,36.1,0.1,0.1,50.0,0.5,0.7,66.7,0.6,2.1,2.7,0.6,0.8,0.9,0.6,1.9,10.0,0.0,0.0,-4.4,"$9,391,069"
491,Chris Silva,DAL,26,1,1,0,3.0,2.0,1.0,1.0,100,0.0,0.0,0.0,0.0,0.0,0.0,0.0,0.0,0.0,0.0,1.0,0.0,0.0,2.0,1.0,0.0,0.0,1.0,"$211,045"
492,Donovan Williams,ATL,21,2,1,1,2.1,2.0,1.0,2.5,40.0,0.0,1.0,0.0,0.0,0.0,0.0,0.0,1.0,1.0,0.0,0.0,0.0,0.0,0.0,3.2,0.0,0.0,3.0,"$239,822"
493,Garrett Temple,NOP,37,25,16,9,6.5,2.0,0.7,1.8,40.0,0.4,1.0,42.3,0.1,0.2,75.0,0.2,0.5,0.7,0.5,0.2,0.4,0.1,0.6,4.8,0.0,0.0,-0.7,"$5,155,500"
494,Stanley Umude,DET,24,1,0,1,2.1,2.0,0.0,1.0,0.0,0.0,1.0,0.0,2.0,2.0,100,0.0,0.0,0.0,0.0,0.0,1.0,1.0,0.0,8.0,0.0,0.0,3.0,"$58,493"
495,Vince Williams Jr.,MEM,22,15,7,8,7.0,2.0,0.8,2.7,30.0,0.3,1.9,14.3,0.1,0.1,100,0.3,0.7,1.0,0.3,0.3,0.4,0.1,0.8,4.9,0.0,0.0,-2.3,
496,Ryan Rollins,GSW,20,12,5,7,5.2,1.9,0.6,1.7,35.0,0.3,0.8,33.3,0.5,0.5,100,0.3,0.8,1.0,0.5,1.3,0.1,0.1,0.8,3.0,0.0,0.0,-3.9,"$1,017,781"
497,Trevor Hudgins,HOU,24,5,0,5,5.7,1.8,0.4,1.8,22.2,0.4,1.6,25.0,0.6,0.6,100,0.0,0.0,0.0,0.6,0.2,0.0,0.0,0.2,2.5,0.0,0.0,0.6,"$508,891"
498,Alize Johnson,SAS,27,4,1,3,7.4,1.8,0.8,1.5,50.0,0.0,0.5,0.0,0.3,0.5,50.0,0.5,2.0,2.5,0.3,1.0,0.3,0.0,0.8,4.9,0.0,0.0,3.0,"$192,293"
499,Greg Brown III,POR,21,16,10,6,5.8,1.8,0.7,1.8,39.3,0.1,0.4,14.3,0.3,0.8,41.7,0.1,1.1,1.2,0.2,0.4,0.3,0.3,0.8,4.8,0.0,0.0,-0.3,
500,Xavier Moon,LAC,28,4,2,2,4.9,1.8,0.8,2.3,33.3,0.3,0.8,33.3,0.0,0.0,0.0,0.0,0.8,0.8,1.3,0.3,0.0,0.0,0.5,4.3,0.0,0.0,0.8,"$116,986"
501,Dylan Windler,CLE,26,3,3,0,3.5,1.7,0.7,1.0,66.7,0.3,0.7,50.0,0.0,0.0,0.0,0.0,0.0,0.0,0.3,0.3,0.3,0.0,0.0,2.8,0.0,0.0,-0.3,"$4,037,277"
502,Alex Len,SAC,30,26,15,11,6.2,1.7,0.6,1.2,53.3,0.0,0.1,0.0,0.4,0.6,68.8,0.9,1.4,2.3,0.5,0.6,0.2,0.4,1.1,6.2,0.0,0.0,0.7,"$3,918,600"
503,Buddy Boeheim,DET,23,10,2,8,9.0,1.6,0.5,2.7,18.5,0.4,2.5,16.0,0.2,0.2,100,0.2,0.4,0.6,0.4,0.0,0.2,0.0,0.6,3.5,0.0,0.0,0.3,"$508,891"
504,JD Davison,BOS,20,12,11,1,5.5,1.6,0.7,1.6,42.1,0.2,0.6,28.6,0.1,0.2,50.0,0.2,0.6,0.8,0.9,0.3,0.2,0.2,0.4,4.5,0.0,0.0,-0.5,"$508,891"
505,Tony Bradley,CHI,25,12,5,7,2.8,1.6,0.5,1.0,50.0,0.3,0.4,60.0,0.3,0.3,100,0.1,0.8,0.9,0.1,0.1,0.1,0.1,0.2,3.2,0.0,0.0,0.9,"$2,036,318"
506,Isaiah Todd,WAS,21,6,2,4,10.2,1.5,0.5,3.2,15.8,0.2,1.7,10.0,0.3,0.3,100,0.3,1.7,2.0,0.7,0.3,0.2,0.0,0.7,5.1,0.0,0.0,-1.2,"$1,575,000"
507,Jordan Schakel,WAS,25,2,0,2,3.1,1.5,0.5,1.0,50.0,0.5,0.5,100,0.0,0.0,0.0,0.0,0.0,0.0,0.5,0.0,0.5,0.0,0.5,3.8,0.0,0.0,3.0,"$96,514"
508,Kendall Brown,IND,20,6,1,5,6.7,1.5,0.7,1.2,57.1,0.0,0.2,0.0,0.2,0.3,50.0,0.3,0.7,1.0,0.5,0.3,0.7,0.0,1.5,5.1,0.0,0.0,0.7,"$508,891"
509,Keon Ellis,SAC,23,16,7,9,4.4,1.5,0.4,1.0,43.8,0.4,0.8,50.0,0.3,0.4,57.1,0.3,0.3,0.5,0.4,0.1,0.3,0.1,0.6,3.7,0.0,0.0,-1.3,"$508,891"
510,Mfiondu Kabengele,BOS,25,4,3,1,9.1,1.5,0.5,1.8,28.6,0.0,0.8,0.0,0.5,0.5,100,1.3,1.3,2.5,0.0,0.3,0.5,0.0,0.8,5.8,0.0,0.0,-1.3,"$508,891"
511,Matthew Dellavedova,SAC,32,32,19,13,6.6,1.5,0.5,1.6,34.0,0.3,0.8,33.3,0.1,0.2,57.1,0.0,0.4,0.4,1.3,0.3,0.2,0.0,0.6,4.2,0.0,0.0,-1.6,"$2,628,597"
512,Wendell Moore Jr.,MIN,21,29,16,13,5.3,1.4,0.6,1.5,41.9,0.1,0.6,11.8,0.1,0.2,80.0,0.1,0.5,0.6,0.6,0.3,0.3,0.2,0.4,4.2,0.0,0.0,-1.8,
513,Thanasis Antetokounmpo,MIL,30,37,25,12,5.6,1.4,0.5,1.2,43.5,0.0,0.2,0.0,0.3,0.6,50.0,0.4,0.8,1.2,0.4,0.3,0.1,0.1,0.6,3.6,0.0,0.0,-3.1,"$1,878,720"
514,PJ Dozier,SAC,26,16,11,5,5.0,1.4,0.6,2.1,30.3,0.1,1.0,12.5,0.0,0.0,0.0,0.1,0.8,0.9,0.6,0.3,0.4,0.1,0.4,4.4,0.0,0.0,-1.4,"$784,654"
515,Braxton Key,DET,26,3,0,3,3.0,1.3,0.3,0.3,100,0.0,0.0,0.0,0.7,0.7,100,0.0,0.3,0.3,0.0,0.0,0.0,0.0,0.0,1.7,0.0,0.0,-1.0,"$201,802"
516,KZ Okpala,SAC,24,35,19,16,7.1,1.3,0.5,1.1,42.1,0.2,0.6,33.3,0.2,0.2,87.5,0.2,0.8,1.0,0.4,0.2,0.2,0.2,1.1,4.0,0.0,0.0,-0.3,"$1,902,133"
517,Tyrese Martin,ATL,24,16,10,6,4.1,1.3,0.6,1.4,39.1,0.1,0.4,14.3,0.1,0.1,100,0.3,0.4,0.8,0.1,0.1,0.1,0.0,0.1,2.5,0.0,0.0,0.1,"$1,017,781"
518,Ryan Arcidiacono,POR,29,20,9,11,8.6,1.3,0.5,1.9,24.3,0.4,1.2,34.8,0.0,0.0,0.0,0.0,0.8,0.8,1.2,0.4,0.3,0.0,0.9,4.3,0.0,0.0,-2.0,"$1,836,090"
519,Cole Swider,LAL,24,7,2,5,5.9,1.3,0.4,1.3,33.3,0.4,1.1,37.5,0.0,0.0,0.0,0.1,0.9,1.0,0.6,0.0,0.0,0.0,0.4,3.3,0.0,0.0,0.4,"$508,891"
520,Facundo Campazzo,DAL,32,8,2,6,6.5,1.3,0.4,1.6,23.1,0.4,1.4,27.3,0.1,0.3,50.0,0.0,0.3,0.3,1.1,0.4,0.8,0.0,0.4,5.1,0.0,0.0,1.4,"$464,299"
521,Vit Krejci,ATL,23,29,15,14,5.7,1.2,0.5,1.3,40.5,0.2,0.7,23.8,0.0,0.1,50.0,0.2,0.7,0.9,0.6,0.2,0.2,0.0,0.6,3.6,0.0,0.0,-0.1,"$1,563,518"
522,Jack White,DEN,25,17,13,4,3.9,1.2,0.5,1.1,42.1,0.2,0.5,33.3,0.1,0.2,66.7,0.4,0.6,1.0,0.2,0.1,0.2,0.1,0.5,3.6,0.0,0.0,-1.0,"$508,891"
523,Noah Vonleh,BOS,27,23,17,6,7.5,1.1,0.5,1.0,45.8,0.0,0.2,25.0,0.1,0.1,100,0.8,1.3,2.1,0.3,0.5,0.1,0.3,1.5,4.9,0.0,0.0,-0.6,"$1,160,955"
524,Chima Moneke,SAC,27,2,1,1,4.0,1.0,0.5,1.0,50.0,0.0,0.0,0.0,0.0,1.0,0.0,1.0,0.0,1.0,0.5,1.0,0.0,0.0,1.0,2.0,0.0,0.0,-4.5,"$500,000"
525,Joe Wieskamp,TOR,23,9,6,3,5.5,1.0,0.3,1.6,21.4,0.3,1.3,25.0,0.0,0.0,0.0,0.0,0.4,0.4,0.3,0.1,0.0,0.0,0.3,1.9,0.0,0.0,0.2,"$2,909,261"
526,Kobi Simmons,CHA,25,5,1,4,5.6,1.0,0.2,1.2,16.7,0.2,1.0,20.0,0.4,0.4,100,0.2,0.6,0.8,1.0,0.2,0.0,0.4,0.0,4.5,0.0,0.0,-3.8,"$32,795"
527,Malcolm Hill,CHI,27,5,4,1,1.8,1.0,0.4,0.8,50.0,0.2,0.6,33.3,0.0,0.0,0.0,0.0,0.6,0.6,0.0,0.0,0.0,0.0,0.2,1.7,0.0,0.0,1.8,"$508,891"
528,Trevor Keels,NYK,19,3,3,0,2.7,1.0,0.3,1.3,25.0,0.3,1.3,25.0,0.0,0.0,0.0,0.0,0.7,0.7,0.0,0.0,0.0,0.0,0.0,1.8,0.0,0.0,-6.0,"$520,589"
529,Justin Jackson,BOS,28,23,15,8,4.7,0.9,0.3,1.2,25.9,0.2,0.9,25.0,0.0,0.1,50.0,0.1,0.7,0.7,0.4,0.1,0.2,0.2,0.3,3.3,0.0,0.0,-3.1,"$1,836,090"
530,Marko Simonovic,CHI,23,7,3,4,2.8,0.9,0.3,1.0,28.6,0.1,0.6,25.0,0.1,0.3,50.0,0.1,0.1,0.3,0.0,0.0,0.0,0.0,0.7,1.2,0.0,0.0,2.1,"$1,563,518"
531,Dereon Seabron,NOP,23,5,2,3,2.3,0.8,0.4,1.0,40.0,0.0,0.0,0.0,0.0,0.0,0.0,0.2,0.0,0.2,0.0,0.0,0.0,0.0,0.2,1.0,0.0,0.0,2.0,"$511,816"
532,Vernon Carey Jr.,UTA,22,11,8,3,2.6,0.5,0.2,0.7,25.0,0.0,0.0,0.0,0.2,0.2,100,0.3,0.7,1.0,0.3,0.2,0.2,0.2,0.5,3.1,0.0,0.0,-0.9,
533,Devon Dotson,WAS,23,6,1,5,8.9,0.5,0.2,1.7,10.0,0.2,0.7,25.0,0.0,0.0,0.0,1.0,0.7,1.7,1.3,0.5,0.8,0.0,1.5,6.5,0.0,0.0,-0.5,"$169,630"
534,Leandro Bolmaro,UTA,22,14,8,6,4.9,0.4,0.2,1.4,15.0,0.0,0.3,0.0,0.0,0.0,0.0,0.3,0.2,0.5,0.5,0.5,0.2,0.1,0.7,2.1,0.0,0.0,0.1,"$1,709,300"
535,Alondes Williams,BKN,24,1,1,0,5.3,0.0,0.0,0.0,0.0,0.0,0.0,0.0,0.0,0.0,0.0,0.0,1.0,1.0,0.0,2.0,0.0,0.0,1.0,-0.8,0.0,0.0,-5.0,"$254,446"
536,Deonte Burton,SAC,29,2,1,1,3.2,0.0,0.0,1.0,0.0,0.0,0.5,0.0,0.0,0.0,0.0,0.0,0.0,0.0,0.0,0.0,0.0,0.0,0.0,0.0,0.0,0.0,2.5,"$105,522"
537,Frank Jackson,UTA,25,1,0,1,5.1,0.0,0.0,3.0,0.0,0.0,1.0,0.0,0.0,0.0,0.0,1.0,1.0,2.0,1.0,0.0,0.0,0.0,0.0,3.9,0.0,0.0,-2.0,"$113,114"
538,Michael Foster Jr.,PHI,20,1,1,0,1.0,0.0,0.0,0.0,0.0,0.0,0.0,0.0,0.0,0.0,0.0,0.0,0.0,0.0,0.0,0.0,0.0,0.0,0.0,0.0,0.0,0.0,-2.0,
539,Sterling Brown,LAL,28,4,2,2,6.1,0.0,0.0,1.0,0.0,0.0,0.5,0.0,0.0,0.0,0.0,0.8,1.3,2.0,0.5,0.0,0.8,0.0,1.0,5.4,0.0,0.0,-1.0,"$3,122,602"
